Area,Year,"Aquatic, total","Marine, total","Marine, capture","Marine, aquac.",Marine Fish,Marine Crustaceans,Marine Molluscs,Marine Plants,"Marine, others","Freshwater, total","Freshwater, capture","Freshwater, aquac.",Freshwater Fish,Freshwater Crustaceans,Freshwater Molluscs,"Freshwater, others"
CNFC,1998,27.41,27.41,27.41,0,25.11,0.2,0.1,0,2,0,0,0,0,0,0,0
CNFC,1999,18.3,18.3,18.3,0,9.51,0.32,8.47,0,0,0,0,0,0,0,0,0
CNFC,2000,17.5823,17.5823,17.5823,0,7.7602,0.2194,9.6027,0,0,0,0,0,0,0,0,0
CNFC,2001,18.2977,18.2977,18.2977,0,8.9539,0.225,9.1188,0,0,0,0,0,0,0,0,0
CNFC,2002,18.2177,18.2177,18.2177,,9.6,0.1,,,8.4604,,,,,,,
CNFC,2003,18.8197,18.8197,18.8197,,8.5674,0.0818,,,10.1705,,,,,,,
CNFC,2004,29.2655,29.2655,29.2655,,11.6629,0.1728,,,17.4298,,,,,,,
CNFC,2005,24.3053,24.3053,24.3053,,24.3053,,,,,,,,,,,
CNFC,2006,26.0352,26.0352,26.0352,,13.4708,0.333,0,0,12.2314,,,,,,,
CNFC,2007,29.1039,29.1039,29.1039,,13.5804,0.2818,,,15.2417,,,,,,,
CNFC,2008,24.8,24.8,24.8,,,,,,,,,,,,,
CNFC,2009,21.7125,21.7125,21.7125,,,,,,,,,,,,,
CNFC,2010,21.9419,21.9419,21.9419,,,,,,,,,,,,,
CNFC,2011,23.6369,23.6369,23.6369,,23.6369,,,,,,,,,,,
CNFC,2012,20.2903,20.2903,20.2903,,20.2903,,,,,,,,,,,
CNFC,2013,,,,,,,,,,22.503,22.503,22.503,,22.503,,
CNFC,2014,26.0847,,,,,,,,,,,,,,,
CNFC,2015,28.1,28.1,28.1,,28.1,,,,,,,,,,,
CNFC,2016,,,,,,,,,,19.7432,19.7432,19.7432,,19.7432,,
CNFC,2017,19.16,19.16,19.16,,19.16,,,,,,,,,,,
"China, mainland",1978,465.5,359.8,314.5,45.3,256.4,50.7,26.8,25.9,0,105.7,29.5,76.2,99.7,3.7,2.3,0
"China, mainland",1980,449.7,325.71,281.3,44.41,234.12,42.05,23.37,26.17,0,123.99,33.97,90.02,116.35,5.14,2.5,0
"China, mainland",1985,705.15,419.74,348.51,71.23,274.53,70.62,47.3,27.29,0,285.41,47.64,237.77,276.48,5.54,3.39,0
"China, mainland",1986,823.6,475.4,389.6,85.8,309.4,76.9,65.8,23.3,0,348.2,53.8,294.4,336.4,6.2,5.6,0
"China, mainland",1987,955.4,548.2,438.2,110,351.6,84,88.9,23.7,0,407.2,60,347.2,393.8,8.1,5.3,0
"China, mainland",1988,1060.9,605.7,463.3,142.4,362.9,103.3,114.4,25.1,0,455.2,65.4,389.8,440.8,8.5,5.9,0
"China, mainland",1989,1151.7,661.2,503.6,157.6,383,105.7,137.5,30,5,490.5,73.5,417,472.8,9.5,7.3,0.9
"China, mainland",1990,1237,713.3,550.9,162.4,423.2,107.1,147.3,27.5,8.2,523.7,78.3,445.4,504.9,9.4,7.6,1.8
"China, mainland",1991,1350.8,800.1,609.6,190.5,466.2,119.4,158.6,40,15.9,550.7,91.5,459.2,530.4,10.7,8.5,1.1
"China, mainland",1992,1557.1,933.7,691.3,242.4,517.6,127.4,204.4,56.8,27.5,623.4,90.1,533.4,598.4,12.4,10.5,2.2
"China, mainland",1993,1823,1076.04,767.34,308.7,557.39,138.66,288.59,69.39,22.01,746.96,102.85,644.11,710.59,13.33,16.29,6.75
"China, mainland",1994,2143.13,1241.5,895.83,345.67,647.37,170.89,323.64,74.52,25.08,901.62,116.59,785.04,859.23,20.29,15.27,6.82
"China, mainland",1995,2517.18,1439.13,1026.84,412.3,758.1,184.8,392.71,74.91,28.61,1078.05,137.29,940.76,1020.94,27.05,20.75,9.31
"China, mainland",1996,3288.09,2012.88,1248.98,763.9,823.52,204.65,852.68,92.91,39.13,1275.22,176.27,1098.95,1177.8,36.28,48.4,12.73
"China, mainland",1997,3601.78,2176.42,1385.38,791.04,964.15,225.71,824.18,97.98,64.4,1425.35,188.64,1236.71,1324.88,47.79,36.38,16.3
"China, mainland",1998,3906.53,2356.71,1496.68,860.02,1055.97,258.57,870.09,104.12,67.97,1549.79,228.34,1321.41,1425.21,60.43,45.79,18.32
"China, mainland",1999,4122.41,2471.93,1497.64,974.3,1057.91,277.08,959.27,119.45,58.22,1650.49,227.77,1422.72,1517.12,70.7,42.96,19.73
"China, mainland",2000,4278.4845,2538.7389,1477.4524,1061.2865,1032.9888,297.0907,1038.6671,122.1973,47.7943,1739.7456,226.3652,1513.3804,1573.05924,88.29966,46.3064,32.0631
"China, mainland",2001,4381.334,2571.6967,1440.6144,1131.0823,1014.7398,302.5418,1078.1415,124.9497,51.3239,1809.6373,214.5899,1595.0474,1629.0458,100.7866,52.5858,27.2023
"China, mainland",2002,4564.5198,2646.3371,1433.4934,1212.8437,1022.2719,310.5385,1119.3231,133.3413,60.7727,1918.1827,225.1626,1692.9875,1710.187,122.2715,56.6963,28.7526
"China, mainland",2003,4704.5502,2685.7267,1432.4206,1253.3061,1028.418,298.201,1109.61,141.3128,108.1849,2018.82309,246.76339,1771.9956,1795.15196,138.75203,54.0427,30.6887
"China, mainland",2004,4901.7671,2767.7907,1451.0858,1316.7049,1017.2677,312.4022,1111.5006,150.5216,176.0986,2133.9764,241.9334,1891.9936,1893.3761,153.2637,53.3412,33.591
"China, mainland",2005,5107.634432,2838.333132,1453.5484,1384.784732,1051.9754,323.7921,1160.4081,154.1479,147.992332,2269.3013,258.7307,2010.5259,2017.5571,162.9013,53.6336,34.8902
"China, mainland",2006,5290.4031,2887.6758,1442.0359,1445.5982,1037.3719,340.852,1203.9765,153.4351,152.0128,2402.7273,254.3667,2148.3018,2124.6149,183.3187,56.8961,75.1913
"China, mainland",2007,4747.5202,2550.888,1243.548,1307.34,891.2794,298.941,1068.1994,138.8383,153.6299,2196.6322,225.5769,1970.9819,1908.4423,202.0538,50.3286,71.0464
"China, mainland",2008,4895.8,2598.4,1257.8,1340.4,864.5,288.6,1072.5,142.4,122.1,2297.4,224.9,2072.6,1998.7,210.1,50.1,38.6
"China, mainland",2009,5116.4039,2681.5555,1275.9422,1405.222,880.8224,303.5863,1120.0207,148.4067,130.9558,2434.8484,218.3236,2216.4514,2109.8558,228.7824,51.7436,43.2002
"China, mainland",2010,5373.0024,2797.5312,1315.2304,1482.3008,906.3222,310.441,1170.4425,156.5958,142.0939,2575.4712,228.8716,2346.503,2225.6044,248.0845,53.6707,47.8175
"China, mainland",2011,5603.1678,2908.0487,1356.7195,1551.3292,1075.1945,321.8471,1212.7704,162.9126,135.2941,2695.1191,223.1633,2471.9295,2343.6207,248.7806,53.7619,48.7182
"China, mainland",2012,5907.636,3033.3437,1389.5332,1643.8105,1101.0306,345.6945,1264.7815,179.0412,142.7718,2874.2923,229.7262,2644.5383,2497.6822,268.6319,53.8067,53.8863
"China, mainland",2013,6149.4999,3116.3223,1377.077,1739.2453,1096.8162,362.5694,1327.5593,188.484,140.8934,3055.6806,253.2457,2824.9379,2647.8541,299.5074,52.8028,55.5163
"China, mainland",2014,6461.5174,3270.1323,1457.4842,1812.6481,1176.4039,382.9462,1371.7118,202.8875,136.1829,3165.3004,229.5413,2935.7591,2770.3107,288.7397,51.4497,54.8003
"China, mainland",2015,6699.6488,3409.6088,1533.9811,1875.6277,1255.335,386.2835,1413.9786,211.4964,142.5153,3290.04,227.7665,3062.2735,2883.3043,300.1607,51.6309,54.9441
"China, mainland",2016,6881.509,3470.4038,1507.273,1963.1308,1232.2916,396.0946,1476.88,219.319,145.8186,3430.8484,251.5861,3199.0055,2986.6531,335.8549,52.5257,55.8147
"China, mainland",2017,6445.3279,3321.7376,1321.0403,2000.6973,1115.7752,370.7149,1481.4194,224.7814,129.0467,3123.5903,218.2973,2905.293,2702.5521,320.7866,46.6675,53.5841
Beijing,1998,7.64,0,0,0,0,0,0,0,0,7.64,0,7.64,7.6,0.03,0,0
Tianjin,1998,21.38,3.29,2.96,0.32,1.06,1.14,1.05,0,0.04,18.09,1.89,16.2,17.63,0.24,0.21,0
Hebei,1998,69.33,38.49,30.22,8.27,15.61,8.46,11.96,0,2.47,30.84,6.61,24.23,29.03,1.47,0.26,0.08
Shanxi,1998,2.26,0,0,0,0,0,0,0,0,2.26,0.04,2.22,2.25,0,0,0.01
Neimenggu,1998,6.2,0,0,0,0,0,0,0,0,6.2,2.45,3.75,6.02,0.18,0,0
Liaoning,1998,312.71,281.41,160.61,120.8,85.53,31.25,113.72,26.41,24.5,31.29,2.79,28.5,29.56,1.18,0,0.55
Jilin,1998,14.2,0,0,0,0,0,0,0,0,14.2,4.97,9.23,13.97,0.01,0.04,0.18
Heilongjiang,1998,35.7,0,0,0,0,0,0,0,0,35.7,7.31,28.39,35.18,0.52,0,0
Shanghai,1998,26.82,12.21,12.08,0.13,6.83,2.33,2.72,0,0.33,14.61,0.61,14,13.37,1.09,0.06,0.09
Jiangsu,1998,282.03,88.21,70.78,17.43,45.81,12.15,26.51,0.9,2.84,193.82,31.57,162.26,163.21,20.28,9.59,0.74
Zhejiang,1998,422.73,372.8,326.31,46.49,226.95,81.67,61.51,2,0.67,49.93,7.31,42.62,42.46,1.67,4.1,1.69
Anhui,1998,146.2,0,0,0,0,0,0,0,0,146.2,25.57,120.63,125.72,10.88,6.93,2.67
Fujian,1998,475.92,425.52,205.46,220.06,161.75,28.04,197.86,30.42,7.45,50.4,6.74,43.66,44.3,0.92,3.99,1.19
Jiangxi,1998,118.35,0,0,0,0,0,0,0,0,118.35,28.52,89.82,110.19,2.47,4.42,1.27
Shandong,1998,650.51,566.52,332.56,233.96,225.89,48.86,236.93,41.17,13.67,83.99,8.89,75.09,78.96,3.78,0.91,0.33
Henan,1998,27.02,0,0,0,0,0,0,0,0,27.02,1.66,25.36,26.08,0.54,0.11,0.29
Hubei,1998,218.32,0,0,0,0,0,0,0,0,218.32,43.9,174.42,204.69,6.92,5.03,1.68
Hunan,1998,116.78,0,0,0,0,0,0,0,0,116.78,16.68,100.09,111.06,1.48,1.95,2.29
Guangdong,1998,554.28,346.2,195.45,150.75,164.71,26.55,143.23,1.81,9.91,208.07,11.99,196.08,193.6,4.72,5.73,4.02
Guangxi,1998,217.52,146.15,88.78,57.36,57.61,14.09,71.24,0,3.21,71.37,8.69,62.68,67.88,1.09,2.08,0.32
Hainan,1998,59.77,48.5,44.06,4.45,39.11,3.83,3.26,1.41,0.88,11.26,1.31,9.95,10.46,0.09,0.14,0.57
Chongqing,1998,17.86,0,0,0,0,0,0,0,0,17.86,1.49,16.37,17.6,0.05,0.07,0.14
Sichuan,1998,42.29,0,0,0,0,0,0,0,0,42.29,3.44,38.85,41.96,0.09,0.05,0.18
Guizhou,1998,5.02,0,0,0,0,0,0,0,0,5.02,0.52,4.5,4.95,0.05,0.01,0.01
Yunnan,1998,13.84,0,0,0,0,0,0,0,0,13.84,1.89,11.94,13.07,0.66,0.11,0.01
Xizang,1998,0.13,0,0,0,0,0,0,0,0,0.13,0.13,0,0.13,0,0,0
Shaanxi,1998,5.04,0,0,0,0,0,0,0,0,5.04,0.17,4.87,5.01,0.02,0,0.01
Gansu,1998,1.15,0,0,0,0,0,0,0,0,1.15,0.04,1.1,1.15,0,0,0
Qinghai,1998,0.14,0,0,0,0,0,0,0,0,0.14,0.08,0.06,0.14,0,0,0
Ningxia,1998,2.64,0,0,0,0,0,0,0,0,2.64,0.05,2.59,2.64,0,0,0
Xinjiang,1998,5.34,0,0,0,0,0,0,0,0,5.34,1.03,4.31,5.34,0,0,0
Beijing,1999,7.56,0,0,0,0,0,0,0,0,7.56,0,7.56,7.54,0.02,0,0
Tianjin,1999,23.03,3.75,3.41,0.34,1,1.34,1.36,0,0.05,19.29,1.69,17.59,18.74,0.3,0.25,0
Hebei,1999,75.96,42.34,32.83,9.51,18.04,8.43,12.8,0,3.07,33.61,6.64,26.98,31.65,1.54,0.32,0.11
Shanxi,1999,2.54,0,0,0,0,0,0,0,0,2.54,0.03,2.51,2.54,0,0,0
Neimenggu,1999,6.86,0,0,0,0,0,0,0,0,6.86,2.75,4.1,6.66,0.18,0,0.01
Liaoning,1999,333.83,296.85,157.69,139.16,84.59,32.32,130.32,29.11,20.5,36.99,5.71,31.27,34.18,1.95,0,0.85
Jilin,1999,14.47,0,0,0,0,0,0,0,0,14.47,4.45,10.02,14.45,0,0.02,0
Heilongjiang,1999,36.5,0,0,0,0,0,0,0,0,36.5,5.22,31.28,36.28,0.22,0,0
Shanghai,1999,27.67,12.28,12.2,0.08,6.64,2.14,3.36,0,0.15,15.38,0.73,14.65,13.76,1.34,0.06,0.22
Jiangsu,1999,296.82,90.26,68.32,21.94,46.55,12.25,24.85,1,5.6,206.56,30.01,176.55,177.58,24.64,3.89,0.45
Zhejiang,1999,442.73,389.41,331.24,58.17,222.76,88.29,74.85,2.59,0.93,53.32,7.72,45.61,44.33,2.66,4.33,2.01
Anhui,1999,153.86,0,0,0,0,0,0,0,0,153.86,29.86,124,131.38,12.15,7.41,2.93
Fujian,1999,502.32,448.54,206.65,241.89,165.16,30.52,212.23,36.16,4.48,53.78,7.09,46.69,47.16,0.97,4.17,1.49
Jiangxi,1999,122.12,0,0,0,0,0,0,0,0,122.12,25.81,96.31,111.93,3.44,5.23,1.51
Shandong,1999,695.05,602.3,332.52,269.79,230.81,53.6,261.3,45.79,10.8,92.74,8.86,83.89,87.08,4.5,0.83,0.33
Henan,1999,28.83,0,0,0,0,0,0,0,0,28.83,1.7,27.13,27.85,0.58,0.11,0.3
Hubei,1999,228.97,0,0,0,0,0,0,0,0,228.97,41.03,187.94,215.37,6.67,5.02,1.91
Hunan,1999,124.45,0,0,0,0,0,0,0,0,124.45,15.53,108.93,118.93,1.79,2.15,1.59
Guangdong,1999,575.95,355.37,194.52,160.85,167.47,28.33,149.57,2.25,7.74,220.58,13.12,207.46,203.59,5.79,6.84,4.36
Guangxi,1999,230.93,155.43,88.86,66.57,60.26,15.31,75.72,0,4.14,75.51,8.92,66.59,72.27,0.92,1.91,0.4
Hainan,1999,70.71,57.1,51.1,6,45.12,4.23,4.44,2.55,0.76,13.62,1.83,11.78,12.6,0.11,0.13,0.77
Chongqing,1999,19.13,0,0,0,0,0,0,0,0,19.13,1.28,17.85,18.88,0.03,0.09,0.13
Sichuan,1999,46.57,0,0,0,0,0,0,0,0,46.57,3.52,43.05,46.2,0.09,0.05,0.23
Guizhou,1999,5.5,0,0,0,0,0,0,0,0,5.5,0.63,4.88,5.39,0.07,0.03,0.01
Yunnan,1999,15.53,0,0,0,0,0,0,0,0,15.53,2.09,13.44,14.6,0.73,0.12,0.08
Xizang,1999,0.18,0,0,0,0,0,0,0,0,0.18,0.17,0,0.18,0,0,0
Shaanxi,1999,5.6,0,0,0,0,0,0,0,0,5.6,0.23,5.37,5.57,0.01,0,0.02
Gansu,1999,1.29,0,0,0,0,0,0,0,0,1.29,0.06,1.23,1.29,0,0,0
Qinghai,1999,0.15,0,0,0,0,0,0,0,0,0.15,0.08,0.07,0.15,0,0,0
Ningxia,1999,3.42,0,0,0,0,0,0,0,0,3.42,0.09,3.33,3.42,0,0,0
Xinjiang,1999,5.58,0,0,0,0,0,0,0,0,5.58,0.92,4.66,5.57,0,0,0.02
Beijing,2000,7.5044,0,0,0,0,0,0,0,0,7.5044,0,7.5044,7.48594,0.01846,,
Tianjin,2000,24.2201,3.984,3.5098,0.4742,1.1323,1.2192,1.6092,0,0.0233,20.2361,1.3807,18.8554,19.4643,0.5688,0.203,
Hebei,2000,80.9496,48.2032,32.7371,15.4661,18.7945,8.0707,18.4626,0,2.8754,32.7464,7.0604,25.686,30.6535,1.5084,0.3842,0.2003
Shanxi,2000,2.6021,,,,,,,0,0,2.6021,0.0195,2.5826,2.5974,,,
Neimenggu,2000,7.211,,,,,,,0,0,7.211,2.6756,4.5354,6.8303,0.326,,0.0547
Liaoning,2000,338.4556,302.3084,150.1887,152.1197,76.6908,37.938,138.3402,35.0244,14.315,36.1472,3.1471,33.0001,33.2445,2.1982,,0.701
Jilin,2000,14.0107,,0,0,0,0,0,0,0,14.0107,4.3943,9.6164,13.9484,0.0153,0.047,
Heilongjiang,2000,38.2153,,0,0,0,0,0,0,0,38.2153,5.7635,32.4518,38.0459,0.1645,,
Shanghai,2000,28.8682,12.2286,12.0174,0.2112,6.7257,2.1471,3.1466,,0.21,16.6396,0.7386,15.901,14.1247,2.2241,0.1023,0.1885
Jiangsu,2000,308.7902,90.8688,65.9967,24.8721,43.4336,12.9226,29.7795,0.8416,3.8915,217.9214,29.6857,188.2357,177.5227,31.5009,3.3598,5.538
Zhejiang,2000,469.5144,410.4595,339.5749,70.8846,225.1514,91.3549,90.5629,2.7225,0.6678,59.0549,7.6324,51.4225,46.9367,4.5249,4.4984,3.0949
Anhui,2000,159.8002,,,,,,,,,159.8002,31.6896,128.1106,131.3639,14.9103,8.8789,4.6471
Fujian,2000,527.8934,470.5066,207.8009,262.7057,166.8816,35.7794,231.8397,31.783,4.2229,57.3868,7.6551,49.7317,50.1089,1.1425,4.4574,1.678
Jiangxi,2000,127.1209,,,,,,,,,127.1209,23.2516,103.8693,116.4203,3.6672,5.3008,1.7326
Shandong,2000,698.2259,595.1085,307.8395,287.269,207.8906,53.8033,277.7947,45.8763,9.7436,103.1174,8.9916,94.1258,94.3035,6.3611,1.1436,1.3092
Henan,2000,32.1661,,,,,,,,,32.1661,1.9402,30.2259,31.0762,0.6624,0.1072,0.3203
Hubei,2000,234.3402,,,,,,,,,234.3402,41.2233,193.1169,220.6639,7.4876,4.7145,1.4742
Hunan,2000,133.2133,,,,,,,,,133.2133,15.0442,118.1691,127.3403,2.087,2.3561,1.4299
Guangdong,2000,593.1865,360.4525,191.4781,168.9744,168.57,30.7598,152.5839,2.4118,6.127,232.734,13.5201,219.2139,212.0361,6.493,7.4773,6.7276
Guangxi,2000,239.8592,159.4505,88.8417,70.6088,58.6269,17.1003,79.0393,0,4.6825,80.4087,9.1538,71.2549,77.2067,0.9357,1.9516,0.3147
Hainan,2000,83.0642,67.586,59.8853,7.7007,51.3312,5.776,5.9058,3.5377,1.0353,15.4782,2.0108,13.4674,13.3596,0.1386,0.2249,1.7551
Chongqing,2000,20.0345,0,0,0,0,0,0,0,0,20.0345,1.2831,18.7514,19.7358,0.0352,0.1278,0.1357
Sichuan,2000,51.3068,0,0,0,0,0,0,0,0,51.3068,3.806,47.5008,50.5751,0.1298,0.1238,0.4781
Guizhou,2000,6.2387,0,0,0,0,0,0,0,0,6.2387,0.7969,5.4418,6.1659,0.048,0.0148,0.01
Yunnan,2000,16.6164,0,0,0,0,0,0,0,0,16.6164,2.1228,14.4936,14.4575,1.1304,0.833,0.1955
Xizang,2000,0.18,0,0,0,0,0,0,0,0,0.18,0.008,0.172,0.18,0,,
Shaanxi,2000,6.084,0,0,0,0,0,0,0,0,6.084,0.3205,5.7635,6.0499,0.0213,0,0.0128
Gansu,2000,1.4089,0,0,0,0,0,0,0,0,1.4089,0.0649,1.344,1.4089,,0,
Qinghai,2000,0.1166,0,0,0,0,0,0,0,0,0.1166,0.0092,0.1074,0.1166,,0,
Ningxia,2000,3.6983,0,0,0,0,0,0,0,0,3.6983,0.0564,3.6419,3.6942,,0,
Xinjiang,2000,6.0065,0,0,0,0,0,0,0,0,6.0065,0.9193,5.0872,5.9416,0,0,0.0649
Beijing,2001,7.4302,0,0,0,0,0,0,0,0,7.4302,0,7.4302,7.397,0.0332,0,0
Tianjin,2001,26.4564,4.3834,3.7143,0.6691,1.6232,1.1751,1.5674,0,0.0177,22.073,1.3454,20.7276,21.1004,0.4254,0.2051,0.3421
Hebei,2001,84.8887,51.4411,31.8147,19.6264,18.557,9.2362,20.9393,0,2.7086,33.4476,7.0732,26.3744,31.2911,1.5942,0.4111,0.1512
Shanxi,2001,2.7552,0,0,0,0,0,0,0,0,2.7552,0.0215,2.7337,2.7504,0,0,0
Neimenggu,2001,7.6084,0,0,0,0,0,0,0,0,7.6084,3.0363,4.5721,7.3628,0.1717,0,0.0739
Liaoning,2001,350.7602,310.4923,149.6053,160.887,81.2894,37.1511,142.6661,32.5344,16.8513,40.2679,3.4265,36.8414,36.7461,2.5462,0.009,0.9666
Jilin,2001,11.0238,0,0,0,0,0,0,0,0,11.0238,2.786,8.2378,11.0168,0,0,0
Heilongjiang,2001,40.1892,0,0,0,0,0,0,0,0,40.1892,3.701,36.4882,39.9823,0.2019,0,0
Shanghai,2001,29.7658,10.4904,10.2269,0.2635,5.0996,2.4761,2.8344,0,0.0803,19.2754,0.8325,18.4429,15.1347,3.7718,0.117,0.2519
Jiangsu,2001,320.8522,94.1014,63.9658,30.1356,41.0689,13.3976,34.1913,1.0847,4.3589,226.7508,27.6378,199.113,179.801,37.0796,9.5617,0.3085
Zhejiang,2001,472.8529,406.9625,329.3072,77.6553,222.9608,88.4759,91.6219,2.8309,1.073,65.8904,7.7219,58.1685,51.2783,5.7768,4.4828,4.3525
Anhui,2001,159.9418,0,0,0,0,0,0,0,0,159.9418,33.2676,126.6742,128.7833,16.3044,10.2409,4.6132
Fujian,2001,542.4862,481.8225,209.2126,272.6099,170.5023,35.063,237.5523,34.5639,4.141,60.6637,7.9619,52.7018,51.8666,2.0148,5.0808,1.7015
Jiangxi,2001,132.2576,0,0,0,0,0,0,0,0,132.2576,22.8711,109.3865,122.206,3.7032,4.3645,1.9839
Shandong,2001,686.0957,583.0883,278.0226,305.0657,180.363,54.2217,292.0337,47.4672,9.0027,103.0074,8.8562,94.1512,97.3546,3.9764,0.9731,0.7033
Henan,2001,31.4631,0,0,0,0,0,0,0,0,31.4631,1.5601,29.903,30.3719,0.7287,0.0663,0.2962
Hubei,2001,242.1754,0,0,0,0,0,0,0,0,242.1754,31.3828,210.7926,227.1264,8.4827,4.9699,1.5964
Hunan,2001,140.9648,0,0,0,0,0,0,0,0,140.9648,15.6497,125.3151,134.9416,2.333,2.5026,1.1876
Guangdong,2001,609.6725,367.07,188.0226,179.0474,166.1504,34.8501,156.5535,2.5208,6.9952,242.6025,13.2785,229.324,220.1955,9.2372,7.0521,6.1177
Guangxi,2001,247.7685,163.9807,89.3069,74.6738,58.8501,17.9149,82.5402,0,4.6755,83.7878,9.9038,73.884,80.5828,0.9966,1.882,0.3264
Hainan,2001,95.5778,79.5664,69.1178,10.4486,59.3212,8.3551,6.5226,3.9478,1.4197,16.0114,2.0604,13.951,13.7438,0.4113,0.2792,1.5771
Chongqing,2001,19.6967,0,0,0,0,0,0,0,0,19.6967,1.2567,18.44,19.3749,0.0416,0.1256,0.1546
Sichuan,2001,57.1245,0,0,0,0,0,0,0,0,57.1245,4.4772,52.6473,56.5335,0.136,0.1102,0.3448
Guizhou,2001,6.8861,0,0,0,0,0,0,0,0,6.8861,0.871,6.0151,6.6437,0.185,0.0254,0.032
Yunnan,2001,18.0181,0,0,0,0,0,0,0,0,18.0181,2.1822,15.8359,17.2563,0.6201,0.1265,0.0152
Xizang,2001,0.111,0,0,0,0,0,0,0,0,0.111,0.0089,0.1021,0.111,0,0,0
Shaanxi,2001,6.3294,0,0,0,0,0,0,0,0,6.3294,0.3035,6.0259,6.292,0.008,0,0.0294
Gansu,2001,1.4693,0,0,0,0,0,0,0,0,1.4693,0.0556,1.4137,1.4693,0,0,0
Qinghai,2001,0.1989,0,0,0,0,0,0,0,0,0.1989,0.0103,0.1886,0.1989,0,0,0
Ningxia,2001,4.1283,0,0,0,0,0,0,0,0,4.1283,0.0421,4.0862,4.1215,0.0068,0,0
Xinjiang,2001,6.0876,0,0,0,0,0,0,0,0,6.0876,1.0082,5.0794,6.0113,0,0,0.0763
Beijing,2002,7.4168,,,,,,,,,7.4168,,7.4168,7.3676,,,
Tianjin,2002,28.5564,5.2778,4.482,0.7958,1.8093,1.2819,0.371,,1.8156,23.2786,1.281,21.9976,22.1359,0.8782,0.247,
Hebei,2002,87.0571,51.844,31.7249,20.1191,18.1557,9.1831,22.1911,,2.3141,35.2131,7.2972,27.9159,31.5759,1.972,0.913,0.7522
Shanxi,2002,2.9226,,,,,,,,,2.9226,0.0218,2.9008,2.9177,,,
Neimenggu,2002,7.7707,,,,,,,,,7.7707,3.1868,4.5839,7.4751,0.1656,,0.13
Liaoning,2002,374.8309,327.0787,148.8365,178.2422,87.6244,36.5854,152.8377,34.8902,15.141,47.7522,3.1838,44.5684,43.3563,3.7265,,0.6641
Jilin,2002,10.5142,,,,,,,,,10.5142,2.3398,8.1744,10.4692,,,
Heilongjiang,2002,41.7786,,,,,,,,,41.7786,5.2197,36.5589,41.6256,0.1121,,
Shanghai,2002,32.6905,11.8235,11.5802,0.2433,3.2621,1.9044,6.6247,,,20.867,0.6582,20.2088,15.5349,4.9833,0.1166,0.2322
Jiangsu,2002,334.4167,97.0773,60.6572,36.4201,39.1153,13.7628,37.3654,1.091,5.7428,237.3394,27.9574,209.382,182.8394,44.1641,9.7434,0.5925
Zhejiang,2002,480.6837,409.3332,324.1799,85.1533,218.9165,88.7019,98.0897,3.2309,0.3942,71.3505,8.1405,63.21,54.6979,7.6844,4.1271,4.8411
Anhui,2002,163.3857,,,,,,,,,163.3857,32.8103,130.5754,129.4371,18.4724,10.3993,5.0769
Fujian,2002,558.7142,494.7843,211.8278,282.9565,175.4321,35.3351,240.8425,38.6656,4.509,63.9299,7.9065,56.0234,53.7957,3.2073,5.3586,1.5683
Jiangxi,2002,138.2016,,,,,,,,,138.2016,22.9781,115.2235,128.5448,3.5626,4.3396,1.7546
Shandong,2002,695.0136,598.2623,272.0554,326.2069,180.9821,55.6088,304.3735,47.5718,9.7261,96.7513,7.8764,88.8749,91.4777,3.7524,0.872,0.6492
Henan,2002,36.2179,,,,,,,,,36.2179,2.1482,34.0697,34.7962,0.9704,0.1297,0.3216
Hubei,2002,272.0393,,,,,,,,,272.0393,38.9319,233.1074,255.7459,9.5532,4.9875,1.7527
Hunan,2002,149.5595,,,,,,,,,149.5595,17.0346,132.5249,142.8608,2.8744,2.3843,1.44
Guangdong,2002,628.0635,374.3593,184.7227,189.6366,162.3354,36.9707,164.3346,3.3168,7.4018,253.7042,13.3042,240.4,224.847,13.8462,7.343,7.668
Guangxi,2002,255.1456,166.4169,86.2969,80.12,59.1269,19.4473,84.0871,0.2117,3.5439,88.7287,9.8832,78.8455,85.2042,0.9985,2.0981,0.4279
Hainan,2002,109.2951,91.8621,78.9122,12.9499,65.9121,11.6571,8.2058,4.3633,1.7238,17.433,2.2566,15.1764,14.1848,0.1849,3.0633,
Chongqing,2002,21.1568,,,,,,,,,21.1568,1.2317,19.9251,20.6805,0.0591,0.2225,0.1947
Sichuan,2002,64.8436,,,,,,,,,64.8436,5.0154,59.8282,63.854,0.258,0.2172,0.5144
Guizhou,2002,7.4567,,,,,,,,,7.4567,0.8411,6.6156,7.1378,0.1771,,0.1156
Yunnan,2002,19.2564,,,,,,,,,19.2564,2.3554,16.901,18.4305,0.6688,0.1341,
Xizang,2002,,,,,,,,,,,,,,,,
Shaanxi,2002,6.4109,,,,,,,,,6.4109,0.2856,6.1253,6.3559,,,
Gansu,2002,1.4757,,,,,,,,,1.4757,0.0594,1.4163,1.4757,,,
Qinghai,2002,0.1796,,,,,,,,,0.1796,,0.1717,0.1796,,,
Ningxia,2002,4.8576,,,,,,,,,4.8576,,4.8329,4.8493,,,
Xinjiang,2002,6.3906,,,,,,,,,6.3906,0.9578,5.4328,6.334,,,0.0566
Beijing,2003,7.1249,,,,,,,,,7.1249,,7.1249,7.065,0.0599,,
Tianjin,2003,29.8257,5.085,4.2091,0.8759,1.8181,1.3228,0.6555,,1.2886,24.7407,1.0796,23.6611,22.8581,1.5409,0.2407,0.101
Hebei,2003,86.2715,48.9702,31.1128,17.8574,17.7773,9.0483,18.1284,,4.0162,37.3013,7.2487,30.0526,34.0328,2.5936,0.5567,0.1182
Shanxi,2003,3.1067,,,,,,,,,3.1067,,3.0798,3.1008,,,
Neimenggu,2003,7.2794,,,,,,,,,7.2794,2.8184,4.461,6.8885,0.3294,,0.0613
Liaoning,2003,381.9845,330.8457,147.9639,182.8818,83.8219,32.5568,165.2123,33.0441,16.2106,51.1388,3.0553,48.0835,46.9397,2.985,0.412,0.8021
Jilin,2003,10.8748,,,,,,,,,10.8748,1.9298,8.945,10.726,,0.1018,
Heilongjiang,2003,41.8915,,,,,,,,,41.8915,4.781,37.1105,41.5578,0.3229,,
Shanghai,2003,35.4787,13.3491,13.0773,0.2718,9.7842,1.7146,1.437,,0.4133,22.1296,0.6469,21.4827,15.1156,6.6263,0.0835,0.3042
Jiangsu,2003,342.9302,98.1715,57.2315,40.94,36.2791,12.0998,41.5229,1.4291,6.8406,244.7587,36.1445,208.6142,185.7964,45.7033,9.8691,3.3899
Zhejiang,2003,482.8206,406.0015,314.1511,91.8504,208.4516,82.0775,103.4764,3.8582,8.1378,76.8191,8.5616,68.2575,54.2787,10.0804,4.4816,7.9784
Anhui,2003,165.2645,,,,,,,,,165.2645,40.462,124.8025,133.4902,18.7698,10.3782,2.6263
Fujian,2003,572.7725,507.8732,221.2006,286.6726,179.0121,37.2761,234.2485,41.7187,15.6178,64.8993,8.4203,56.479,55.266,3.3317,4.4847,1.8169
Jiangxi,2003,146.0644,,,,,,,,,146.0644,23.0947,122.9697,133.6046,5.1604,5.0899,2.2095
Shandong,2003,706.225,604.1543,268.0831,336.0712,186.7444,48.3656,284.8122,53.6002,30.6319,102.0701,10.0771,91.993,95.1054,5.3243,1.3239,0.3165
Henan,2003,38.95,,,,,,,,,38.95,2.6163,36.3337,37.6122,1.0261,,0.2654
Hubei,2003,286.7643,,,,,,,,,286.7643,40.4266,246.3377,270.8926,10.4153,3.7522,1.7042
Hunan,2003,156.5947,,,,,,,,,156.5947,17.5582,139.0365,150.0712,2.436,2.5332,1.5543
Guangdong,2003,648.5465,379.2069,181.9063,197.3006,158.74,39.7037,170.2718,3.6123,6.8791,269.33959,13.08389,256.2557,237.93576,19.10093,7.4218,4.8811
Guangxi,2003,264.6137,168.7368,85.1042,83.6326,60.526,20.0784,83.9159,0.0628,4.1537,95.8769,10.5284,85.3485,91.9316,1.3344,2.0728,0.5381
Hainan,2003,123.069,104.5128,89.561,14.9518,76.8959,13.8756,5.9291,3.9874,3.8248,18.5562,2.267,16.2892,16.8848,0.379,0.3129,0.9795
Chongqing,2003,22.4893,,,,,,,,,22.4893,1.2238,21.2655,21.996,0.1238,0.2454,0.1241
Sichuan,2003,76.4047,,,,,,,,,76.4047,5.6853,70.7194,74.5688,0.4515,0.63,0.7544
Guizhou,2003,7.9585,,,,,,,,,7.9587,0.9303,7.0284,7.7582,0.1591,,
Yunnan,2003,20.4308,,,,,,,,,20.4308,2.403,18.0278,19.8209,0.498,0.0523,0.0596
Xizang,2003,,,,,,,,,,,,,,,,
Shaanxi,2003,6.6682,,,,,,,,,6.6682,0.2951,6.3731,6.6366,,,
Gansu,2003,1.4344,,,,,,,,,1.4344,0.1162,1.3182,1.4344,,,
Qinghai,2003,0.1253,,,,,,,,,0.1253,,0.1195,0.1253,,,
Ningxia,2003,5.0384,,,,,,,,,5.0384,,5.007,5.0339,,,
Xinjiang,2003,6.7278,,,,,,,,,6.7278,1.3094,5.4184,6.6241,,,0.1037
Beijing,2004,6.6753,,,,,,,,,6.6753,,6.6753,6.6139,,,
Tianjin,2004,31.0033,4.8606,3.7975,1.0631,1.8772,1.4168,1.4241,,0.1425,26.1427,1.1301,25.0126,23.6034,2.3053,0.1078,0.1262
Hebei,2004,92.3788,53.6902,31.112,22.5782,18.5987,9.4519,21.6517,,3.9879,38.6886,8.2307,30.4579,35.1315,2.6843,0.5309,0.3419
Shanxi,2004,3.5364,,,,,,,,,3.5364,0.2084,3.328,3.5273,,,
Neimenggu,2004,7.7257,,,,,,,,,7.7257,2.9014,4.8243,7.3987,0.2801,,
Liaoning,2004,402.5331,346.1571,149.1192,197.0379,90.1019,36.1938,163.562,38.3705,17.9289,56.376,4.2269,52.1491,51.312,4.1562,,0.902
Jilin,2004,11.9821,,,,,,,,,11.9821,2.7783,9.2038,11.9162,,,
Heilongjiang,2004,43.0066,,,,,,,,,43.0066,5.3568,37.6498,42.5003,0.4637,,
Shanghai,2004,34.4105,13.4237,13.2008,0.2229,10.2468,1.5557,1.0614,,0.5598,20.9868,0.4831,20.5037,13.9748,6.7437,0.0683,0.2
Jiangsu,2004,366.1285,107.3982,58.9404,48.4578,37.4175,15.207,46.4981,1.7434,6.5322,258.7303,31.2776,227.4527,194.1049,51.6426,9.3392,3.6436
Zhejiang,2004,493.5288,414.9798,322.0358,92.944,202.06,85.0844,76.3123,4.3413,47.1818,78.549,9.0962,69.4528,54.2671,10.8893,4.8921,8.5005
Anhui,2004,171.3259,,,,,,,,,171.3259,35.7559,135.57,138.829,19.8142,10.0324,2.6503
Fujian,2004,591.2117,523.2746,223.3279,299.9467,184.6631,34.6545,243.4884,44.3255,16.1431,67.9371,8.4567,59.4804,57.5082,3.6619,5.0897,1.6773
Jiangxi,2004,156.3427,,,,,,,,,156.3427,23.1619,133.1808,142.9868,5.5981,5.294,2.4638
Shandong,2004,718.152,612.097,270.213,341.884,176.4466,47.6055,296.4904,53.7437,37.8108,106.055,10.35,95.705,98.3254,5.9084,1.413,0.4082
Henan,2004,42.6958,,,,,,,,,42.6958,2.8604,39.8354,41.2631,1.0311,0.0693,0.3323
Hubei,2004,302.13,,,,,,,,,302.13,39.366,262.764,285.8214,10.4976,3.9171,1.8939
Hunan,2004,166.1048,,,,,,,,,166.1048,17.0303,149.0745,158.6118,2.5771,1.9888,2.9271
Guangdong,2004,664.5646,381.787,171.0884,210.6986,149.5536,42.6851,171.8566,3.4014,14.2903,282.7776,12.9404,269.8372,248.4728,21.8051,7.545,4.9547
Guangxi,2004,268.8879,165.805,79.9488,85.8562,51.1365,22.7324,83.7105,0.0689,8.1567,103.0829,10.9992,92.0837,98.7666,1.4575,2.0269,0.8319
Hainan,2004,135.8484,115.052,99.0365,16.0155,83.5029,15.6423,5.4451,4.5269,5.9348,20.7964,2.4788,18.3176,19.161,0.3091,0.3677,0.9586
Chongqing,2004,23.4134,,,,,,,,,23.4134,1.2912,22.1222,23.0154,0.0878,0.1858,0.1244
Sichuan,2004,86.115,,,,,,,,,86.115,6.1295,79.9855,84.6213,0.4774,0.4732,0.5431
Guizhou,2004,8.8475,,,,,,,,,8.8475,1.0855,7.762,8.5987,0.197,,0.0084
Yunnan,2004,22.0498,,,,,,,,,22.0498,2.537,19.5128,21.322,0.6152,,0.1028
Xizang,2004,0.0548,,,,,,,,,0.0548,0.0512,,,,,
Shaanxi,2004,7.3686,,,,,,,,,7.3686,0.3886,6.98,7.3359,,,
Gansu,2004,1.4539,,,,,,,,,1.4539,0.088,1.3659,1.4469,,,
Qinghai,2004,0.1477,,,,,,,,,0.1477,,0.1417,0.1377,,,
Ningxia,2004,5.6541,,,,,,,,,5.6541,,5.6143,5.6514,,,
Xinjiang,2004,7.2239,,,,,,,,,7.2239,1.2733,5.9506,7.1506,0.061,,
Beijing,2005,6.4258,,,,,,,,,6.4258,,6.4258,6.3739,0.0519,,
Tianjin,2005,33.8115,4.8953,3.8038,1.0915,1.8362,1.3506,1.4907,,0.2178,28.9162,1.2125,27.7037,26.1135,2.6304,0.1336,
Hebei,2005,98.9461,57.1808,31.0753,26.1055,19.1613,9.5057,24.7257,,3.7881,41.7653,8.5489,33.2164,38.6333,2.3696,0.4989,0.2635
Shanxi,2005,3.7542,,,,,,,,,3.7542,0.1433,3.6109,3.7441,,,
Neimenggu,2005,8.2608,,,,,,,,,8.2608,2.9254,5.3354,7.7127,0.4347,,0.1134
Liaoning,2005,425.3388,364.1624,152.0371,212.1253,91.3006,34.9834,173.5305,39.4558,24.8921,61.1764,4.2449,56.9315,54.4402,5.6299,0.1109,0.9954
Jilin,2005,11.893,,,,,,,,,11.893,2.4911,9.4019,11.7914,0.0822,,
Heilongjiang,2005,44.597,,,,,,,,,44.597,5.0762,39.5208,43.8486,0.5936,,0.1097
Shanghai,2005,35.3539,15.0307,14.9567,0.074,10.1093,1.6625,2.5525,,0.7064,20.3232,0.3584,19.9648,12.6231,7.4451,0.0708,0.1842
Jiangsu,2005,388.6555,113.4311,58.2813,55.1498,38.0685,15.4402,51.0846,1.8683,6.9695,275.2244,32.9088,242.3156,207.7907,54.4725,8.8515,4.1097
Zhejiang,2005,483.7669,402.368,314.2573,88.1107,208.6061,86.9529,72.7194,3.4599,30.6297,81.3989,9.3313,72.0676,55.9147,11.6838,4.8002,9.0002
Anhui,2005,177.5721,,,,,,,,,177.5721,37.8756,139.6965,143.5646,20.3671,9.8974,3.743
Fujian,2005,602.2167,531.8809,222.1438,309.7371,186.8474,35.5546,247.82,46.8311,14.8278,70.3358,8.5225,61.8133,60.1608,3.7129,4.9299,1.5322
Jiangxi,2005,168.6648,,,,,,,,,168.6648,24.8929,143.7719,152.8665,6.9186,5.3804,3.4993
Shandong,2005,736.1381,626.1128,268.0834,358.0294,173.0402,46.8393,313.986,53.8095,38.4378,110.0253,12.2768,97.7485,102.3215,5.8266,1.3899,0.4873
Henan,2005,51.678,,,,,,,,,51.678,3.4569,48.2211,49.7481,1.4453,0.1428,0.3418
Hubei,2005,318.2065,,,,,,,,,318.2065,45.0484,273.1581,300.8424,11.2585,4.2319,1.8737
Hunan,2005,179.2164,,,,,,,,,179.2164,18.519,160.6974,172.5019,2.6809,2.3825,1.6511
Guangdong,2005,695.2346,397.9516,172.0459,225.9057,151.6699,46.3135,181.1592,3.9171,14.8919,297.283,13.028,284.255,262.9097,22.0273,7.7928,4.5532
Guangxi,2005,284.1935,173.9581,84.5786,89.3795,55.8786,26.4369,84.9429,,6.6824,110.2354,11.3148,98.9206,105.9761,1.668,1.9283,0.663
Hainan,2005,150.012932,127.056132,107.9799,19.076232,91.152,18.7525,6.3966,4.8062,5.948832,22.9568,2.4255,20.5313,21.5724,0.1475,0.3257,0.9112
Chongqing,2005,25.0568,,,,,,,,,25.0568,1.3005,23.7563,24.6658,0.0762,0.2022,0.1126
Sichuan,2005,98.249,,,,,,,,,98.249,6.9112,91.3378,96.4779,0.5693,0.5639,0.6379
Guizhou,2005,9.4589,,,,,,,,,9.4589,1.225,8.2339,9.2248,0.1827,,
Yunnan,2005,23.8488,,,,,,,,,23.8488,2.5844,21.2644,23.1483,0.6267,,
Xizang,2005,,,,,,,,,,,,,,,,
Shaanxi,2005,7.3593,,,,,,,,,7.3593,0.6065,6.7528,7.3311,,,
Gansu,2005,1.5675,,,,,,,,,1.5675,0.127,1.4405,1.5675,,,
Qinghai,2005,0.0878,,,,,,,,,0.0878,,0.0816,0.0878,,,
Ningxia,2005,5.8319,,,,,,,,,5.8319,,5.7934,5.7795,,,
Xinjiang,2005,7.932,,,,,,,,,7.932,1.3749,6.5571,7.8242,,,0.1078
Beijing,2006,6.2438,,,,0,0,0,0,0,6.2438,0,6.2438,6.1532,0.0605,0,37.6439
Tianjin,2006,34.4051,4.9284,3.2827,1.6457,1.9208,1.8399,0.4572,0,0.7105,29.4767,1.1512,28.3255,25.782,3.354,0.1534,0
Hebei,2006,108,61.8499,31.3734,30.4765,20.1784,9.6378,28.3422,0,3.6915,46.1501,9.6512,36.4989,42.4418,2.7903,0.5506,
Shanxi,2006,4.3606,,0,0,0,0,0,0,0,4.3606,0.1792,4.1814,4.2795,,0,0.1873
Neimenggu,2006,8.6546,,0,0,0,0,0,0,0,8.6546,2.9536,5.701,8.2991,0.3298,0,0.3674
Liaoning,2006,439.8404,370.5615,148.1696,222.3919,87.2972,34.8995,190.9541,34.276,23.1347,69.2789,3.5302,65.7487,62.9289,5.0855,0.0534,0.0529
Jilin,2006,13.0763,,0,0,0,0,0,0,0,13.0763,2.4528,10.6235,12.9853,0.0744,,0.0257
Heilongjiang,2006,47.1184,,0,0,0,0,0,0,0,47.1184,5.5259,41.5925,46.0031,0.907,0.0547,1.2111
Shanghai,2006,38.786,19.4404,19.3987,,15.4663,1.5284,0,0,2.4457,19.3456,0.6252,18.7204,11.6021,7.5363,,0
Jiangsu,2006,405.0118,119.0755,58.4386,60.6369,36.0158,18.6259,55.9129,1.9202,6.6007,285.9363,32.6902,253.2461,215.5841,57.7384,8.7148,0.1536
Zhejiang,2006,485.3393,400.5231,311.9084,88.6147,207.2271,89.734,72.653,4.1187,26.7903,84.8162,9.3108,75.5054,56.7722,13.7212,4.6317,0.1771
Anhui,2006,186.6663,,,,0,0,0,0,0,186.6663,35.1746,151.4917,148.2157,23.7242,10.6,3.899
Fujian,2006,600.0951,528.8478,216.9678,311.88,181.6829,35.2325,246.3648,50.2331,15.3345,71.2473,8.7259,62.5214,60.978,3.615,5.0095,9.6911
Jiangxi,2006,180.4855,,,,0,0,0,0,0,180.4855,23.4091,157.0764,160.5511,9.1981,7.2829,4.1264
Shandong,2006,745.9075,630.9106,257.4098,373.5008,166.9542,50.4666,328.3032,53.8673,31.3193,114.9969,12.8063,102.1906,106.6556,6.6603,1.1119,1.6448
Henan,2006,61.4314,,0,0,0,0,0,0,0,61.4314,3.7819,57.6495,59.2945,1.6223,0.1099,3.4534
Hubei,2006,331.387,,0,0,0,0,0,0,0,331.387,42.7126,288.6744,309.5615,15.1457,4.6779,0.5691
Hunan,2006,184.6585,,0,0,0,0,0,0,0,184.6585,16.8509,167.8076,175.8817,3.0345,3.1002,0.4047
Guangdong,2006,724.0012,410.5176,168.564,241.9536,152.4103,49.7015,189.0739,4.6912,14.6407,313.4836,13.189,300.2946,276.0396,25.4641,7.5275,2.0019
Guangxi,2006,296.4388,176.9508,83.9773,92.9735,53.9461,28.5215,85.3136,,9.1421,119.488,11.9065,107.5815,114.9294,1.5227,2.1267,2.6421
Hainan,2006,165.9915,138.035,116.5104,21.5246,100.802,20.3314,6.6016,4.3286,5.9714,27.9565,2.4727,25.4838,26.4778,0.1883,0.4859,4.4524
Chongqing,2006,22.6129,,0,0,0,0,0,0,0,22.6129,1.2185,21.3944,22.2685,0.0664,0.175,0.9092
Sichuan,2006,108.2567,,0,0,0,0,0,0,0,108.2567,7.6143,100.6424,106.5288,0.6029,0.5301,0.8045
Guizhou,2006,11.3356,,0,0,0,0,0,0,0,11.3356,1.5024,9.8332,11.074,0.2036,,0.103
Yunnan,2006,29.2411,,0,0,0,0,0,0,0,29.2411,2.9422,26.2989,28.5172,0.5988,,0.5949
Xizang,2006,0.0528,,0,0,0,0,0,0,0,0.0528,,,,0,0,
Shaanxi,2006,7.9489,,0,0,0,0,0,0,0,7.9489,0.4708,7.4781,7.9244,,0,0.0758
Gansu,2006,1.6464,,0,0,0,0,0,0,0,1.6464,0.1135,1.5329,1.6422,,0,
Qinghai,2006,0.2045,0,0,0,0,0,0,0,0,0.2045,,0.1985,0.1902,,0,
Ningxia,2006,6.7355,0,0,0,0,0,0,0,0,6.7355,0.0926,6.6429,6.7185,,0,
Xinjiang,2006,8.4344,0,0,0,0,0,0,0,0,8.4344,1.3126,7.1218,8.3349,0.0744,,
Beijing,2007,6.0339,0.613,0.613,,0.059,,,,0.554,5.4209,,5.4209,5.341,0.0414,,35.5754
Tianjin,2007,31.1537,4.44,3.0185,1.4215,1.6911,1.43,0.5959,,0.723,26.7137,0.8947,25.819,21.9265,4.5466,0.1205,
Hebei,2007,90.6437,52.4303,25.3195,27.1108,16.0388,7.5141,26.4604,,2.417,38.2134,7.4314,30.782,35.3175,2.2909,0.2839,0.0385
Shanxi,2007,2.9575,,,,,,,,,2.9575,0.1201,2.8374,2.937,0.0167,,0.1201
Neimenggu,2007,9.3565,,,,,,,,,9.3565,2.9429,6.4136,9.0461,0.2092,,0.3211
Liaoning,2007,361.2708,302.1559,116.6194,185.5365,71.4495,27.9663,158.5899,25.4302,18.72,59.1149,4.062,55.0529,53.3251,4.6689,0.0508,0.0038
Jilin,2007,15.161,,,,,,,,,15.161,2.0521,13.1089,15.0639,0.0804,,0.1012
Heilongjiang,2007,34.2506,,,,,,,,,34.2506,3.8737,30.3769,33.5677,0.5525,,1.0701
Shanghai,2007,32,15.5621,15.5586,0.0035,11.6719,1.2251,,,2.6651,16.4379,0.4584,15.9795,9.672,6.6766,,
Jiangsu,2007,408.9904,119.9155,57.3519,62.5636,36.7095,16.9017,56.437,2.9168,6.9505,289.0749,32.1608,256.9141,211.778,65.4297,7.8615,0.0932
Zhejiang,2007,415.134,337.6194,251.492,86.1274,164.9562,69.9708,69.4478,4.1952,29.0494,77.5146,8.6127,68.9019,48.8508,14.612,4.1546,0.0617
Anhui,2007,166.4533,,,,,,,,,166.4533,31.1745,135.2788,131.2267,23.1855,9.1144,4.0057
Fujian,2007,531.995,466.4713,192.096,274.3753,162.1617,32.3999,213.1524,46.6896,12.0677,65.5237,7.8237,57.7,56.511,3.413,4.2678,9.8972
Jiangxi,2007,180.6557,,,,,,,,,180.6557,22.2627,158.393,160.2608,9.3891,6.9888,2.9267
Shandong,2007,712.7665,598.0743,244.5466,353.5277,159.8672,47.0463,299.3642,51.8811,39.9155,114.6922,11.4368,103.2554,105.7129,7.3164,1.1547,1.3319
Henan,2007,45.6794,,,,,,,,,45.6794,2.6548,43.0246,43.8096,1.4539,0.1216,4.017
Hubei,2007,298.0434,,,,,,,,,298.0434,36.3925,261.6509,266.4701,25.5016,3.7979,0.5082
Hunan,2007,170.0888,,,,,,,,,170.0888,15.4493,154.6395,162.3367,2.7645,3.046,0.2943
Guangdong,2007,664.3357,373.1201,150.1581,222.962,135.0432,51.5166,172.0298,4.3213,10.2092,291.2156,11.8306,279.385,254.2466,27.134,6.6411,2.2738
Guangxi,2007,246.056,143.3236,66.9591,76.3645,41.2014,26.2039,67.6611,0.0219,8.2353,102.7324,10.1262,92.6062,98.3585,1.3499,1.8096,1.9416
Hainan,2007,132.2724,108.0586,90.7114,17.3472,76.8495,16.4845,4.4609,3.3822,6.8815,24.2138,1.807,22.4068,23.1488,0.1323,0.247,3.1939
Chongqing,2007,18.526,,,,,,,,,18.526,0.9834,17.5426,17.7526,0.0652,0.0793,1.2144
Sichuan,2007,91.0526,,,,,,,,,91.0526,6.2209,84.8317,89.1702,0.5513,0.5891,0.6857
Guizhou,2007,7.6798,,,,,,,,,7.6798,1.1275,6.5523,7.5051,0.1316,,0.6289
Yunnan,2007,23.6587,,,,,,,,,23.6587,2.1228,21.5359,23.2066,0.3914,,0.742
Xizang,2007,0.0528,,,,,,,,,0.0528,,,,,,
Shaanxi,2007,5.0323,,,,,,,,,5.0323,0.3642,4.6681,5.0067,,,
Gansu,2007,1.1449,,,,,,,,,1.1449,0.0741,1.0708,1.1421,,,
Qinghai,2007,0.1524,,,,,,,,,0.1524,,0.1471,0.1444,,,
Ningxia,2007,7.0439,,,,,,,,,7.0439,,7.0286,6.9764,0.0675,,
Xinjiang,2007,8.7746,,,,,,,,,8.7746,1.1171,7.6575,8.6309,0.0817,,
Beijing,2008,6.1,0.7,0.7,,,,,,,5.4,0.4,5,5.3,,,
Tianjin,2008,32.3,3.9,2.4,1.4,1.1,1.5,0.5,,0.3,28.4,0.9,27.5,23.7,4.5,0.1,0.1
Hebei,2008,96.6,54.9,25.3,29.6,16.5,8,27.9,,2.5,41.7,8.1,33.6,38.6,2.5,0.3,0.4
Shanxi,2008,3.1,,,,,,,,,3.1,0.1,3,3.1,,,
Neimenggu,2008,9.8,,,,,,,,,9.8,2.8,7,9.6,0.1,,0.1
Liaoning,2008,377.7,316.1,114,202.1,57.6,23.3,169.6,24.7,29.8,61.5,3.7,57.8,57.2,3.7,,0.6
Jilin,2008,15.5,,,,,,,,,15.5,2,13.5,15.4,0.1,,
Heilongjiang,2008,35.6,,,,,,,,,35.6,4.2,31.4,35.1,0.5,,
Shanghai,2008,32.3,17.7,17.7,,0.9,1,,,0.1,14.6,0.4,14.2,8.5,6.1,,0.1
Jiangsu,2008,425,125.3,57.8,67.4,39,16.4,60.3,2.6,5.7,299.8,32.2,267.6,218.1,69.1,9.2,3.3
Zhejiang,2008,418.8,337.6,254.5,83.1,167,67.2,67.8,3.5,11.9,81.2,8.1,73.1,53.1,13.1,3.6,11.4
Anhui,2008,172.3,,,,,,,,,172.3,31,141.3,135.5,24.7,8.8,3.4
Fujian,2008,542,476.1,198.3,277.8,154,34.1,210,51.3,11.8,65.9,7.6,58.3,55.8,4.1,4.7,1.4
Jiangxi,2008,190.4,,,,,,,,,190.4,24.1,166.3,169.4,10.2,6.9,3.9
Shandong,2008,730.3,609.5,248.1,361.4,169.4,46.6,300.1,51.1,32.5,120.8,13,107.9,112.6,7.3,0.6,0.3
Henan,2008,50.6,,,,,,,,,50.6,3,47.6,48.4,1.7,0.2,0.3
Hubei,2008,313.4,,,,,,,,,313.4,30.3,283.1,276.5,31.3,3.2,2.4
Hunan,2008,178.6,,,,,,,,,178.6,16,162.6,170,3.1,3.3,2.2
Guangdong,2008,680.4,376.8,153.8,223,131.7,50.7,166.6,6,13.4,303.6,12.5,291.1,266,25.2,6.7,5.7
Guangxi,2008,250,144.1,66.5,77.6,42.8,26.4,66.1,,7.9,105.9,10.6,95.4,101.8,1.2,1.7,1.2
Hainan,2008,139.4,110.9,93.9,17,84.5,13.4,3.6,3.2,6.2,28.5,2,26.5,27.3,0.2,0.2,0.9
Chongqing,2008,19.1,,,,,,,,,19.1,1,18.1,18.9,0.1,0.1,
Sichuan,2008,95.2,,,,,,,,,95.2,5.8,89.4,93.2,0.6,0.5,0.9
Guizhou,2008,7.8,,,,,,,,,7.8,1.1,6.7,7.6,0.1,,
Yunnan,2008,25.5,,,,,,,,,25.5,2.4,23.1,25,0.4,,
Xizang,2008,0.1,,,,,,,,,0.1,,,,,,
Shaanxi,2008,5.2,,,,,,,,,5.2,0.4,4.8,5.2,,,
Gansu,2008,1.2,,,,,,,,,1.2,0.1,1.1,1.2,,,
Qinghai,2008,0.1,,,,,,,,,0.1,,0.1,0.1,,,
Ningxia,2008,7.5,,,,,,,,,7.5,,7.5,7.5,0.1,,
Xinjiang,2008,9.1,,,,,,,,,9.1,1.1,8,9,0.1,,
Beijing,2009,5.8161,0.3913,,,,,,,,5.4248,0.3985,5.0263,5.373,,,
Tianjin,2009,33.4044,3.9455,2.5388,1.4067,1.0714,1.4691,0.3892,,0.1229,29.4589,0.8749,28.584,24.0578,5.1032,0.1017,0.1962
Hebei,2009,100.41,55.3884,25.3317,30.0567,15.152,7.2917,28.2873,,4.6574,45.0216,8.7733,36.2483,41.5983,2.6465,0.312,0.4648
Shanxi,2009,3.1,,,,,,,,,3.1,0.0749,3.0251,3.0781,,,
Neimenggu,2009,10.5979,,,,,,,,,10.5979,2.9586,7.6393,10.3615,0.1397,,0.0967
Liaoning,2009,400.605,327.5288,113.212,214.3168,59.4485,21.9836,178.3403,24.8383,29.2373,73.0762,5.6308,67.4454,66.0095,5.8493,0.0995,1.1179
Jilin,2009,16.5184,,,,,,,,,16.5184,1.9186,14.5998,16.4349,0.0653,,
Heilongjiang,2009,38.07,,,,,,,,,38.07,4.3149,33.7551,37.5354,0.4943,,
Shanghai,2009,30.8986,15.6351,15.6351,,1.1547,0.9908,,,,15.2635,0.4768,14.7867,9.1957,5.9414,,0.1054
Jiangsu,2009,443.2236,130.4969,57.0009,73.496,39.0483,18.0585,63.5043,3.3477,5.8035,312.7267,32.0732,280.6535,227.4497,71.0954,9.6562,4.5254
Zhejiang,2009,440.3134,353.8075,277.351,76.4565,187.62,75.2358,62.4856,4.2169,13.5358,86.5059,9.0343,77.4716,56.4167,12.7782,4.5622,12.7488
Anhui,2009,183.1462,,,,,,,,,183.1462,30.7285,152.4177,143.9066,27.3716,8.2156,3.6524
Fujian,2009,567.5206,495.8118,202.7864,293.0254,157.1186,36.4668,217.6775,55.5435,12.1448,71.7088,7.8121,63.8967,60.8364,4.2609,4.975,1.6365
Jiangxi,2009,201.0503,,,,,,,,,201.0503,22.751,178.2993,176.904,12.231,7.5903,4.325
Shandong,2009,753.5939,626.3895,244.9591,381.4304,164.2077,43.6019,322.5134,50.749,37.4475,127.2044,12.8342,114.3702,118.8717,7.0765,0.8607,0.3955
Henan,2009,53.765,,,,,,,,,53.765,3.0597,50.7053,51.3242,1.7889,0.1551,0.4968
Hubei,2009,333.8896,,,,,,,,,333.8896,26.2154,307.6742,287.8774,40.0224,3.198,2.7918
Hunan,2009,188.06,,,,,,,,,188.06,11.0186,177.0414,179.9364,2.6833,3.0536,2.3867
Guangdong,2009,702.5951,387.1498,152.5341,234.6157,126.6847,56.2707,173.5228,6.8761,12.8481,315.4453,12.651,302.7943,276.2518,26.3533,6.608,6.2322
Guangxi,2009,262.2793,149.0189,66.7684,82.2505,42.5682,28.211,68.8544,,8.9148,113.2604,11.2645,101.9959,109.0241,1.2799,1.6642,1.2922
Hainan,2009,145.4899,114.2795,96.1122,18.1673,86.7483,14.0064,4.4459,2.8352,6.2437,31.2104,1.9235,29.2869,29.994,0.1933,0.1869,
Chongqing,2009,20.39,,,,,,,,,20.39,0.988,19.402,20.2314,0.0788,,
Sichuan,2009,100.1317,,,,,,,,,100.1317,5.7679,94.3638,98.343,0.6169,0.5046,0.6672
Guizhou,2009,8.03,,,,,,,,,8.03,1.1041,6.9259,7.8428,0.1484,,
Yunnan,2009,27.1217,,,,,,,,,27.1217,2.3435,24.7782,26.5661,0.4561,,0.0687
Xizang,2009,0.05,,,,,,,,,0.05,,,,,,
Shaanxi,2009,5.6,,,,,,,,,5.6,0.4154,5.1846,5.5824,,,
Gansu,2009,1.1926,,,,,,,,,1.1926,,1.1926,1.1897,,,
Qinghai,2009,0.14,,,,,,,,,0.14,,0.136,0.1334,,,
Ningxia,2009,8.1844,,,,,,,,,8.1844,,8.165,8.1324,0.052,,
Xinjiang,2009,9.5037,,,,,,,,,9.5037,0.9174,8.5863,9.3974,0.0558,,
Beijing,2010,6.3386,0.896,0.896,,,,,,,5.4426,0.4224,5.003,5.4096,,,
Tianjin,2010,34.4925,3.8986,2.4774,1.4212,1.1301,1.404,0.2624,,0.2001,30.5939,0.9667,29.6,25.0054,5.1862,0.0983,0.304
Hebei,2010,106.33,58.26,25.3292,32.9308,15.1653,7.8882,30.8017,0.025,4.3798,48.07,9.2247,38.8,44.3331,2.7725,0.3886,0.5758
Shanxi,2010,3.17,,,,,,,,,3.17,0.0831,3.1,3.1308,,,
Neimenggu,2010,11.3804,,,,,,,,,11.3804,3.0671,8.3,11.0998,0.1446,,0.136
Liaoning,2010,430.3774,349.7366,118.2672,231.4694,59.5791,22.4091,190.5122,26.5013,33.2075,80.6408,5.678,75,72.5533,6.3752,0.1018,1.6105
Jilin,2010,16.5958,,,,,,,,,16.5958,1.9756,14.6,16.52,0.0595,,
Heilongjiang,2010,39.97,,,,,,,,,39.97,4.6885,35.3,39.4052,0.5323,,
Shanghai,2010,28.9678,12.1464,12.1464,,1.2202,0.9031,,,0.0298,16.8214,0.5735,16.2,9.9002,6.8168,,0.089
Jiangsu,2010,460.4429,136.4468,57.9295,78.5173,38.8735,20.1332,67.603,2.9934,5.9496,323.9961,33.2363,290.8,238.1357,69.9331,11.6836,4.2437
Zhejiang,2010,477.9502,381.2332,298.6602,82.573,198.6785,78.0922,67.6171,4.4471,15.8381,96.717,9.215,87.5,62.2878,15.1745,4.4595,14.7952
Anhui,2010,193.3118,,,,,,,,,193.3118,31.5877,161.7,152.9311,28.7587,7.9541,3.6679
Fujian,2010,586.9567,512.7982,208.8992,303.899,161.9246,38.5259,222.1429,59.9357,12.2167,74.1585,8.1917,66,62.6844,5.1043,4.8373,1.5325
Jiangxi,2010,215.3405,,,,,,,,,215.3405,29.2513,186.1,188.2809,14.663,7.7488,4.6478
Shandong,2010,783.8259,646.3345,250.0702,396.2643,166.4321,40.8386,330.7076,53.0475,40.3273,137.4914,13.0896,124.4,125.8056,10.326,0.9289,0.4309
Henan,2010,57.855,,,,,,,,,57.855,3.235,54.6,55.3312,1.813,0.1639,0.5469
Hubei,2010,353.0935,,,,,,,,,353.0935,26.3654,326.7,299.231,47.2778,3.3491,3.2356
Hunan,2010,198,,,,,,,,,198,9.6668,188.3,190.0155,2.734,2.7517,2.4988
Guangdong,2010,729.0299,401.5032,152.4344,249.0688,132.5189,56.9815,183.2209,6.6021,12.7046,327.5267,12.8598,314.7,287.3967,27.5028,6.7824,5.8448
Guangxi,2010,275.5053,154.4481,66.7073,87.7408,41.7471,28.826,72.8672,,10.5959,121.0572,11.6871,109.4,116.09,1.3372,1.6272,2.0028
Hainan,2010,149.48,117.8877,99.4715,18.4162,89.0528,14.4392,4.7075,3.0437,6.6445,31.5923,1.951,29.6,30.3575,0.2026,0.1701,0.8621
Chongqing,2010,22.43,,,,,,,,,22.43,1.0955,21.3,22.2395,0.1114,,0.0555
Sichuan,2010,105.0635,,,,,,,,,105.0635,5.803,99.3,103.3117,0.686,0.4821,0.5837
Guizhou,2010,8.79,,,,,,,,,8.79,1.2062,7.6,8.5782,0.1706,,
Yunnan,2010,29.7757,,,,,,,,,29.7757,2.3121,27.5,29.2701,0.2651,0.1433,0.0972
Xizang,2010,0.05,,,,,,,,,0.05,,,,,,
Shaanxi,2010,6.0373,,,,,,,,,6.0373,0.4235,5.6,6.0173,,,
Gansu,2010,1.23,,,,,,,,,1.23,,1.2,1.2249,,,
Qinghai,2010,0.16,,,,,,,,,0.16,,0.2,0.1491,,,
Ningxia,2010,9.0035,,,,,,,,,9.0035,,9,8.9165,0.087,,
Xinjiang,2010,10.1063,,,,,,,,,10.1063,1.015,9.1,9.9923,0.0503,,0.0568
Beijing,2011,6.1228,0.7532,0.7532,,0.7532,,,,,5.3696,0.3939,4.9757,5.3447,,,
Tianjin,2011,35.2148,3.8342,2.5037,1.3305,2.1682,1.2064,0.3066,,0.153,31.3806,1.1037,30.2769,25.5882,5.4857,0.1015,0.2052
Hebei,2011,106.7131,56.3281,25.1761,31.152,14.5094,7.1757,29.1038,,5.5392,50.385,9.9298,40.4552,46.4896,2.8464,0.4019,0.6471
Shanxi,2011,3.6137,,,,,,,,,3.6137,0.1121,3.5016,3.5703,,,
Neimenggu,2011,12.29,,,,,,,,,12.29,3.0468,9.2432,11.9751,0.1243,,0.1906
Liaoning,2011,451.4693,365.7958,122.2774,243.5184,86.7228,23.1405,201.9354,31.2425,22.7546,85.6735,4.5947,81.0788,77.0764,7.4434,,1.1368
Jilin,2011,17.2816,,,,,,,,,17.2816,2.0087,15.2729,17.1952,0.0714,,
Heilongjiang,2011,41.9685,,,,,,,,,41.9685,5.4203,36.5482,41.4369,0.4765,0.0512,
Shanghai,2011,28.7314,12.1586,12.1586,,11.1319,0.9967,,,,16.5728,0.5662,16.0066,10.176,6.3274,,0.0561
Jiangsu,2011,475.9669,142.084,57.8432,84.2408,40.5482,21.5019,72.0903,2.6014,5.3422,333.8829,33.3684,300.5145,245.5762,72.1138,12.2302,3.9627
Zhejiang,2011,515.8098,410.9846,326.4905,84.4941,237.5001,82.5436,68.2126,4.8018,17.9265,104.8252,9.851,94.9742,67.4458,16.3457,4.5561,16.4776
Anhui,2011,199.5505,,,,,,,,,199.5505,31.929,167.6215,157.3976,29.9093,8.6258,3.6178
Fujian,2011,603.7385,526.1619,210.013,316.1489,182.1687,40.4439,227.6548,63.0215,12.873,77.5766,8.4782,69.0984,65.3095,5.808,4.7801,1.679
Jiangxi,2011,217.27,,,,,,,,,217.27,24.4298,192.8402,191.9608,13.8138,6.8926,4.6028
Shandong,2011,813.828,664.7212,251.2437,413.4775,191.0047,38.5821,343.1311,50.9405,41.0628,149.1068,13.5378,135.569,137.553,10.1623,0.897,0.4945
Henan,2011,65.473,,,,,,,,,65.473,3.8357,61.6373,63.2162,1.6815,0.1659,0.4094
Hubei,2011,356.2198,,,,,,,,,356.2198,20.5971,335.6227,308.6791,40.0251,4.1184,3.3972
Hunan,2011,199.9353,,,,,,,,,199.9353,9.6375,190.2978,192.2627,2.8977,2.1228,2.6521
Guangdong,2011,762.5332,418.2257,152.6511,265.5746,147.7793,60.1891,190.5124,7.1653,12.5796,344.3075,12.8402,331.4673,302.672,30.0686,6.4733,5.0936
Guangxi,2011,289.2338,159.3225,66.9421,92.3804,43.1402,31.134,74.9572,,10.0911,129.9113,12.3259,117.5854,124.6495,1.3721,1.6723,2.2174
Hainan,2011,160.2445,124.042,105.03,19.012,94.1309,14.9332,4.8662,3.1396,6.9721,36.2025,2.1015,34.101,34.9248,0.2192,0.183,0.8755
Chongqing,2011,27.56,,,,,,,,,27.56,1.2955,26.2645,27.3217,0.1553,,0.052
Sichuan,2011,112.1464,,,,,,,,,112.1464,5.9191,106.2273,110.4106,0.7567,0.406,0.5731
Guizhou,2011,10.8802,,,,,,,,,10.8802,1.3698,9.5104,10.663,0.1714,,
Yunnan,2011,34.24,,,,,,,,,34.24,2.4117,31.8283,33.7724,0.318,0.0838,0.0658
Xizang,2011,,,,,,,,,,,,,,,,
Shaanxi,2011,8.18,,,,,,,,,8.18,0.7088,7.4712,8.0684,,,0.0879
Gansu,2011,1.2879,,,,,,,,,1.2879,,1.2879,1.2829,,,
Qinghai,2011,0.3293,,,,,,,,,0.3293,,0.323,0.3153,,,
Ningxia,2011,10.5422,,,,,,,,,10.5422,,10.5222,10.4278,0.1144,,
Xinjiang,2011,11.1564,,,,,,,,,11.1564,1.3501,9.8063,10.859,0.0726,,0.224
Beijing,2012,6.3842,0.958,0.958,,0.958,,,,,5.4262,0.3822,5.044,5.4012,,,
Tianjin,2012,36.5042,4.1594,2.7309,1.4285,2.4771,1.3264,0.2415,,0.1144,32.3448,1.1467,31.1981,26.0195,5.991,0.0976,0.2367
Hebei,2012,116.3172,63.4631,25.257,38.2061,14.1882,8.1978,36.0885,,4.9886,52.8541,9.7593,43.0948,48.4141,3.3498,0.3786,0.7116
Shanxi,2012,4.1243,,,,,,,,,4.1243,0.1122,4.0121,4.0654,,,
Neimenggu,2012,13.1575,,,,,,,,,13.1575,3.1133,10.0442,12.8836,0.0774,,0.1965
Liaoning,2012,478.6268,389.3291,125.7664,263.5627,89.3345,23.3528,219.1447,32.5585,24.9386,89.2977,5.1561,84.1416,79.7752,8.3503,,1.1573
Jilin,2012,18.21,,,,,,,,,18.21,2.0126,16.1974,18.0529,0.1284,,
Heilongjiang,2012,45.284,,,,,,,,,45.284,5.1946,40.0894,44.7524,0.4914,,
Shanghai,2012,29.7132,13.0585,13.0585,,12.087,0.9474,,,,16.6547,0.4443,16.2104,10.1602,6.3937,,0.0835
Jiangsu,2012,493.7399,148.4814,57.9855,90.4959,42.1816,22.2103,76.0418,2.4196,5.6281,345.2585,33.4217,311.8368,253.8039,75.265,12.225,3.9646
Zhejiang,2012,539.5806,431.2434,345.107,86.1364,243.5663,94.1175,69.9891,4.9556,18.6149,108.3372,9.9603,98.3769,70.2484,15.6052,4.1209,18.3627
Anhui,2012,207.4938,,,,,,,,,207.4938,32.3494,175.1444,163.952,30.8606,8.656,4.0252
Fujian,2012,628.6826,546.6075,213.948,332.6595,186.6229,44.0506,229.9217,71.0719,14.9404,82.0751,8.6153,73.4598,68.745,6.8427,4.6776,1.8098
Jiangxi,2012,237.0007,,,,,,,,,237.0007,26.4866,210.5141,208.7708,15.3418,7.2818,5.6063
Shandong,2012,841.8937,686.0746,249.8303,436.2443,189.7138,38.3242,357.5329,56.8226,43.6811,155.8191,13.9308,141.8883,143.9976,10.2359,0.9009,0.6847
Henan,2012,71.721,,,,,,,,,71.721,4.1567,67.5643,68.9215,1.9054,0.0592,0.8349
Hubei,2012,388.9476,,,,,,,,,388.9476,21.308,367.6396,330.1681,50.749,4.1123,3.9182
Hunan,2012,221.4376,,,,,,,,,221.4376,10.4952,210.9424,213.3573,3.0609,2.3227,2.6967
Guangdong,2012,789.5004,432.3435,156.6073,275.7362,156.7952,62.9683,192.4803,7.8651,12.2346,357.1569,13.0628,344.0941,315.1398,30.6147,6.5195,4.8829
Guangxi,2012,303.87,164.7922,67.0615,97.7307,42.8671,33.6364,78.0421,,10.2466,139.0778,12.953,126.1248,133.3658,1.444,1.7256,2.5424
Hainan,2012,172.734,132.5427,110.9325,21.6102,99.9486,16.5628,5.2989,3.3479,7.3845,40.1913,2.1377,38.0536,38.862,0.2289,0.1844,0.916
Chongqing,2012,33.072,,,,,,,,,33.072,1.4898,31.5822,32.7706,0.1931,,0.0623
Sichuan,2012,118.9102,,,,,,,,,118.9102,6.0321,112.8781,117.2132,0.6919,0.4052,0.5999
Guizhou,2012,13.4675,,,,,,,,,13.4675,1.4286,12.0389,13.0436,0.1947,0.059,0.1702
Yunnan,2012,40.12,,,,,,,,,40.12,2.8322,37.2878,39.4861,0.3239,0.0804,0.2296
Xizang,2012,,,,,,,,,,,,,,,,
Shaanxi,2012,10.5429,,,,,,,,,10.5429,0.4754,10.0675,10.3912,,,0.1266
Gansu,2012,1.334,,,,,,,,,1.334,,1.334,1.3262,,,
Qinghai,2012,0.452,,,,,,,,,0.452,,0.446,0.4355,,,
Ningxia,2012,12.3538,,,,,,,,,12.3538,,12.332,12.1609,0.1929,,
Xinjiang,2012,12.17,,,,,,,,,12.17,1.2693,10.9007,11.9982,0.0993,,0.0677
Beijing,2013,6.3611,0.7008,0.7008,,0.7008,,,,,5.6603,0.3691,5.2912,5.6359,0.0121,,0.0123
Tianjin,2013,39.8562,7.8733,6.6464,1.2269,6.5548,1.0504,0.209,,0.0591,31.9829,1.2333,30.7496,26.454,5.2748,0.0982,0.1559
Hebei,2013,123.0636,68.2809,23.0539,45.227,13.4634,7.7538,43.017,,4.0467,54.7827,9.76,45.0227,49.8931,3.9094,0.3783,0.6019
Shanxi,2013,4.5621,,,,,,,,,4.5621,0.1122,4.4499,4.5012,0.0108,,0.0501
Neimenggu,2013,14.1321,,,,,,,,,14.1321,3.1009,11.0312,13.8587,0.0813,,0.1921
Liaoning,2013,505.0252,411.1302,128.3693,282.7609,92.2035,23.3465,237.3454,31.972,26.2628,93.895,5.4247,88.4703,83.3141,9.165,0.0643,1.3516
Jilin,2013,18.5827,,,,,,,,,18.5827,2.0852,16.4975,18.3733,0.1535,0.0493,0.0066
Heilongjiang,2013,48.8615,,,,,,,,,48.8615,5.156,43.7055,48.3859,0.4346,0.0358,0.0052
Shanghai,2013,28.8787,12.4825,12.4825,,11.2995,1.1642,0.0017,,0.0171,16.3962,0.3841,16.0121,10.7147,5.6173,0.001,0.0632
Jiangsu,2013,509.3844,151.2078,57.3336,93.8742,40.7552,25.9342,76.129,3.0918,5.2976,358.1766,32.8524,325.3242,264.6414,78.1839,11.553,3.7983
Zhejiang,2013,550.8186,443.1886,356.0186,87.17,250.5759,98.0348,71.5936,4.8006,18.1837,107.63,9.5782,98.0518,70.4274,14.6886,3.9365,18.5775
Anhui,2013,215.5341,,,,,,,,,215.5341,32.5049,183.0292,171.3382,30.9501,8.8674,4.3784
Fujian,2013,658.4802,571.6786,216.7826,354.896,191.5918,45.7391,241.0641,77.6514,15.6322,86.8016,8.5088,78.2928,72.5187,7.0921,5.197,1.9938
Jiangxi,2013,242.646,,,,,,,,,242.646,26.062,216.584,213.6498,15.4424,7.4938,6.06
Shandong,2013,863.1599,699.459,242.824,456.635,187.0689,38.7635,372.3315,59.0625,42.2326,163.7009,14.2253,149.4756,151.26,10.5984,0.9228,0.9197
Henan,2013,85.013,,,,,,,,,85.013,4.6817,80.3313,82.2985,2.0354,0.0693,0.6098
Hubei,2013,410.3732,,,,,,,,,410.3732,21.3035,389.0697,345.0337,57.0227,4.1303,4.1865
Hunan,2013,234.0595,,,,,,,,,234.0595,10.4606,223.5989,225.4373,3.1391,2.3997,3.0834
Guangdong,2013,816.1268,442.4022,155.4002,287.002,159.3396,66.3193,196.9585,8.274,11.5108,373.7246,12.9844,360.7402,334.8845,29.5633,5.0535,4.2233
Guangxi,2013,319.3444,170.9849,65.3388,105.6461,41.5569,36.0164,83.2495,,10.1621,148.3595,13.1851,135.1744,142.3413,1.49,1.7138,2.8144
Hainan,2013,183.1423,136.9335,112.1263,24.8072,101.7059,18.4472,5.66,3.6317,7.4887,46.2088,2.1538,44.055,44.7734,0.2504,0.1869,0.9981
Chongqing,2013,38.5,,,,,,,,,38.5,1.48,37.02,38.0958,0.2215,0.0472,0.1355
Sichuan,2013,126.0578,,,,,,,,,126.0578,6,120.0578,124.2174,0.755,0.415,0.6704
Guizhou,2013,16.6997,,,,,,,,,16.6997,1.4,15.2997,16.3725,0.231,0.0517,0.0445
Yunnan,2013,48.63,,,,,,,,,48.63,3.8247,44.8053,48.0071,0.3381,0.1315,0.1533
Xizang,2013,0.04,,,,,,,,,0.04,0.0335,0.0065,0.0324,,,0.0076
Shaanxi,2013,12.515,,,,,,,,,12.515,0.54,11.975,12.1719,0.0205,0.002,0.3206
Gansu,2013,1.3884,,,,,,,,,1.3884,,1.3884,1.3832,0.005,,0.0002
Qinghai,2013,0.6,,,,,,,,,0.6,,0.6,0.5875,0.0125,,
Ningxia,2013,14.493,,,,,,,,,14.493,0.023,14.47,14.2906,0.2024,,
Xinjiang,2013,13.1704,,,,,,,,,13.1704,1.3153,11.8551,12.9606,0.1032,0.0045,0.1021
Beijing,2014,6.8184,1.3222,1.3222,,1.3222,,,,,5.4962,0.4091,5.0871,5.4577,0.0047,,0.0338
Tianjin,2014,40.8244,7.7221,6.5594,1.1627,6.45,0.9156,0.1797,,0.1768,33.1023,1.1712,31.9311,28.4016,4.4204,0.0979,0.1824
Hebei,2014,126.3941,73.1594,23.9595,49.1999,14.3783,7.4982,46.9296,,4.3533,53.2347,10.168,43.0667,49.0131,3.2328,0.3779,0.6109
Shanxi,2014,5.1248,,,,,,,,,5.1248,0.106,5.0188,5.0637,0.0127,,0.0484
Neimenggu,2014,14.7949,,,,,,,,,14.7949,2.9918,11.8031,14.4644,0.1273,,0.2032
Liaoning,2014,525.6719,429.6825,140.63,289.0525,104.2868,24.5531,240.9997,35.1402,24.7027,95.9894,5.5688,90.4206,84.8732,9.6217,0.0612,1.4333
Jilin,2014,19.0125,,,,,,,,,19.0125,2.0657,16.9468,18.7606,0.2024,0.049,0.0005
Heilongjiang,2014,51.3534,,,,,,,,,51.3534,5.4138,45.9396,50.8805,0.4359,0.0319,0.0051
Shanghai,2014,33.046,16.9594,16.9594,,15.6588,1.2871,0.001,,0.0125,16.0866,0.3398,15.7468,10.6152,5.3968,0.0011,0.0735
Jiangsu,2014,518.7503,150.3806,56.7859,93.5947,40.3205,27.2812,74.8989,2.8293,5.0507,368.3697,32.5778,335.7919,269.9205,83.5197,11.173,3.7565
Zhejiang,2014,574.1734,467.333,377.539,89.794,267.7255,103.3555,73.7834,4.8264,17.6422,106.8404,9.0952,97.7452,73.4324,13.1446,3.1479,17.1155
Anhui,2014,223.6864,,,,,,,,,223.6864,32.8456,190.8408,178.5856,31.8361,8.758,4.5067
Fujian,2014,695.8361,603.3847,223.9549,379.4298,200.3934,49.5176,255.6808,81.5156,16.2773,92.4514,8.7425,83.7089,76.9996,7.7146,5.5355,2.2017
Jiangxi,2014,253.6613,,,,,,,,,253.6613,25.9832,227.6781,224.2616,15.3367,7.6595,6.4035
Shandong,2014,903.7382,746.1343,266.2236,479.9107,215.6295,39.8309,387.265,66.4269,36.982,157.6039,11.1983,146.4056,147.0897,9.0288,0.6375,0.8479
Henan,2014,91.764,,,,,,,,,91.764,4.931,86.833,88.7317,2.2524,0.0731,0.7068
Hubei,2014,433.3008,,,,,,,,,433.3008,20.8068,412.494,359.6676,65.0876,4.0828,4.4628
Hunan,2014,248.162,,,,,,,,,248.162,10.7744,237.3876,238.9943,3.1805,2.4351,3.5521
Guangdong,2014,836.3406,450.6007,156.2026,294.3981,158.7986,71.2174,199.7717,8.2173,12.5957,385.7399,12.5825,373.1574,347.2182,30.1783,4.7141,3.6293
Guangxi,2014,332.3956,174.4361,65.3386,109.0975,41.4586,37.6273,85.1907,,10.1595,157.9595,13.4602,144.4993,151.7465,1.4939,1.7232,2.9959
Hainan,2014,197.4357,149.0173,122.0091,27.0082,109.9817,19.8623,7.0113,3.9318,8.2302,48.4184,2.2073,46.2111,47.3706,0.2482,0.1769,0.6227
Chongqing,2014,44.3409,,,,,,,,,44.3409,2.0333,42.3076,43.8735,0.2988,0.0456,0.123
Sichuan,2014,132.6349,,,,,,,,,132.6349,6.016,126.6189,130.7361,0.7763,0.4178,0.7047
Guizhou,2014,20.994,,,,,,,,,20.994,1.39,19.604,20.6203,0.2992,0.0389,0.0356
Yunnan,2014,58.2013,,,,,,,,,58.2013,4.6881,53.5132,57.3579,0.4939,0.2067,0.1428
Xizang,2014,0.034,,,,,,,,,0.034,0.0279,0.0061,0.0277,,,0.0063
Shaanxi,2014,13.932,,,,,,,,,13.932,0.6,13.332,13.5325,0.0372,0.0006,0.3617
Gansu,2014,1.4476,,,,,,,,,1.4476,,1.4476,1.4427,0.0047,,0.0002
Qinghai,2014,0.9037,,,,,,,,,0.9037,,0.9037,0.8901,0.0136,,
Ningxia,2014,16.2588,,,,,,,,,16.2588,0.0344,16.2244,16.0357,0.2225,,0.0006
Xinjiang,2014,14.4007,,,,,,,,,14.4007,1.3126,13.0881,14.2459,0.1174,0.0045,0.0329
Beijing,2015,6.6147,1.7,1.7,,1.7,,,,,4.9147,0.4104,4.5043,4.9065,0.0036,,0.0046
Tianjin,2015,40.0965,7.5637,6.5094,1.0543,6.3828,0.8719,0.25,,0.059,32.5328,1.2316,31.3012,27.9668,4.3655,0.0558,0.1447
Hebei,2015,129.7077,76.0931,25.4447,50.6484,15.7972,7.774,48.2177,,4.3042,53.6146,10.2721,43.3425,49.5247,3.096,0.3818,0.6121
Shanxi,2015,5.2427,,,,,,,,,5.2427,0.1074,5.1353,5.185,0.013,,0.0447
Neimenggu,2015,15.3525,,,,,,,,,15.3525,2.9364,12.4161,15.0467,0.107,,0.1988
Liaoning,2015,531.2765,431.9822,137.7857,294.1965,99.8286,24.1184,245.0291,34.8495,28.1566,99.2943,5.5953,93.699,88.1463,9.9485,0.046,1.1535
Jilin,2015,19.52,,,,,,,,,19.52,1.9654,17.5546,19.2398,0.2352,0.045,
Heilongjiang,2015,54.2368,,,,,,,,,54.2368,5.7169,48.5199,53.7152,0.4808,0.0357,0.0051
Shanghai,2015,32.4369,16.9997,16.9997,,16.1269,0.8459,0.0005,,0.0264,15.4372,0.3083,15.1289,10.4122,4.9707,,0.0543
Jiangsu,2015,521.0467,148.1838,58.8314,89.3524,42.2725,27.5339,70.4257,2.9272,5.0245,372.8629,32.5411,340.3218,272.4695,85.6339,11.1491,3.6104
Zhejiang,2015,597.8341,487.0397,393.6966,93.3431,282.8964,103.9405,76.9971,5.1463,18.0594,110.7944,8.8429,101.9515,78.0201,13.3376,3.0344,16.4023
Anhui,2015,230.4261,,,,,,,,,230.4261,31.6388,198.7873,184.2231,32.6959,8.8344,4.6727
Fujian,2015,733.8969,636.3218,232.1917,404.1301,211.2835,52.3292,266.1333,89.6791,16.8967,97.5751,8.7604,88.8147,81.1767,8.3569,5.894,2.1475
Jiangxi,2015,264.249,,,,,,,,,264.249,26.4044,237.8446,233.7111,15.6681,7.8181,7.0517
Shandong,2015,931.2693,774.6994,275.134,499.5654,224.0035,39.3606,406.1479,66.7387,38.4487,156.5699,10.2627,146.3072,146.1582,8.97,0.6498,0.7919
Henan,2015,102.373,,,,,,,,,102.373,5.113,97.26,99.0287,2.5112,0.107,0.7261
Hubei,2015,455.8863,,,,,,,,,455.8863,19.1002,436.7861,377.8834,69.6614,3.6804,4.6611
Hunan,2015,259.3776,,,,,,,,,259.3776,10.8939,248.4837,248.3578,4.7223,2.5334,3.7641
Guangdong,2015,858.2223,459.2303,156.0126,303.2177,163.3615,72.0369,203.2901,8.2977,12.2441,398.992,12.4282,386.5638,359.4803,31.3474,4.7886,3.3757
Guangxi,2015,345.9249,179.7194,65.5028,114.2166,41.3573,38.1211,89.988,,10.253,166.2055,13.8374,152.3681,159.7527,1.5571,1.6939,3.2018
Hainan,2015,204.8912,161.9757,136.0725,25.9032,122.2248,19.3511,7.4992,3.8579,9.0427,42.9155,2.3286,40.5869,41.8801,0.2595,0.1833,0.5926
Chongqing,2015,48.0863,,,,,,,,,48.0863,2.0358,46.0505,47.5224,0.3413,0.0456,0.177
Sichuan,2015,138.685,,,,,,,,,138.685,5.9648,132.7202,136.7549,0.8003,0.4169,0.7129
Guizhou,2015,24.9762,,,,,,,,,24.9762,1.3902,23.586,24.5735,0.2759,0.0327,0.0941
Yunnan,2015,69.7098,,,,,,,,,69.7098,5.8138,63.896,68.9085,0.4722,0.2,0.1291
Xizang,2015,0.034,,,,,,,,,0.034,0.0279,0.0061,0.0277,,,0.0063
Shaanxi,2015,15.516,,,,,,,,,15.516,0.72,14.796,14.8869,0.0377,0.0005,0.5909
Gansu,2015,1.4932,,,,,,,,,1.4932,,1.4932,1.4869,0.0044,,0.0019
Qinghai,2015,1.0578,,,,,,,,,1.0578,,1.0578,1.0438,0.014,,
Ningxia,2015,16.9727,,,,,,,,,16.9727,0.0392,16.9335,16.8378,0.1329,,0.002
Xinjiang,2015,15.1361,,,,,,,,,15.1361,1.0794,14.0567,14.977,0.1404,0.0045,0.0142
Beijing,2016,5.4288,1.3514,1.3514,,1.3514,,,,,4.0774,0.3351,3.7423,4.0519,0.0024,,0.0231
Tianjin,2016,39.436,6.9703,5.8369,1.1334,5.7236,0.9881,0.2017,,0.0569,32.4657,1.2271,31.2386,27.7978,4.4831,0.0572,0.1276
Hebei,2016,136.9267,80.6799,29.5427,51.1372,20.3552,7.6951,48.0046,,4.625,56.2468,10.2669,45.9799,52.1205,3.2859,0.3681,0.4723
Shanxi,2016,5.2279,,,,,,,,,5.2279,0.1101,5.1178,5.1776,0.0128,,0.0375
Neimenggu,2016,15.8298,,,,,,,,,15.8298,2.9303,12.8995,15.5146,0.124,,0.1912
Liaoning,2016,550.0694,446.973,136.7026,310.2704,100.352,23.3771,261.6714,32.5858,28.9867,103.0964,5.3947,97.7017,91.3393,10.534,0.0432,1.1799
Jilin,2016,20.0683,,,,,,,,,20.0683,1.9509,18.1174,19.7492,0.2812,0.0379,
Heilongjiang,2016,57.2955,,,,,,,,,57.2955,5.4551,51.8404,56.6398,0.6124,0.0377,0.0056
Shanghai,2016,29.6201,14.1833,14.1833,,13.0982,1.0692,0.0004,,0.0155,15.4368,0.2414,15.1954,10.7063,4.6804,,0.0501
Jiangsu,2016,520.7448,147.3125,56.8952,90.4173,40.4002,27.384,71.5849,3.0074,4.936,373.4323,31.7098,341.7225,273.1611,85.7448,10.9329,3.5935
Zhejiang,2016,604.5404,490.2738,388.5036,101.7702,278.6152,102.1746,83.8722,5.5129,20.0989,114.2666,9.1335,105.1331,83.175,13.2654,3.0795,14.7467
Anhui,2016,235.7964,,,,,,,,,235.7964,30.8754,204.921,186.1756,34.9839,9.7079,4.929
Fujian,2016,767.7846,665.2871,232.9056,432.3815,213.7411,54.7012,281.4868,98.1551,17.2029,102.4975,8.8789,93.6186,85.3224,8.9893,5.9675,2.2183
Jiangxi,2016,271.6146,,,,,,,,,271.6146,27.539,244.0756,239.7397,16.4215,7.8765,7.5769
Shandong,2016,950.1856,794.9542,282.1702,512.784,226.6576,40.3227,422.515,67.4667,37.9922,155.2314,11.5984,143.633,144.2118,9.456,0.7217,0.8419
Henan,2016,128.3546,,,,,,,,,128.3546,7.0597,121.2949,123.9406,3.3124,0.1935,0.9081
Hubei,2016,470.8394,,,,,,,,,470.8394,19.0167,451.8227,387.2792,74.8715,3.5407,5.148
Hunan,2016,269.5681,,,,,,,,,269.5681,10.8305,258.7376,253.4993,9.2815,2.6142,4.1731
Guangdong,2016,873.7893,466.3817,152.5686,313.8131,162.4437,77.0886,205.6588,8.6391,12.5515,407.4076,12.2883,395.1193,367.6352,31.6541,4.7507,3.3676
Guangxi,2016,361.7653,187.3182,65.8647,121.4535,41.9556,40.5666,94.7961,,9.9999,174.4471,14.4623,159.9848,167.99,1.3233,1.6961,3.4377
Hainan,2016,214.6379,168.7184,140.7482,27.9702,127.5978,20.7274,7.0881,3.952,9.3531,45.9195,2.299,43.6205,44.8527,0.2669,0.1885,0.6114
Chongqing,2016,50.8427,,,,,,,,,50.8427,2.0379,48.8048,50.167,0.4158,0.0425,0.2174
Sichuan,2016,145.4388,,,,,,,,,145.4388,5.8638,139.575,143.4602,0.8675,0.434,0.6771
Guizhou,2016,28.989,,,,,,,,,28.989,1.4063,27.5827,28.5383,0.3111,0.0266,0.113
Yunnan,2016,74.3663,,,,,,,,,74.3663,6.6865,67.6798,73.3749,0.5065,0.2036,0.2813
Xizang,2016,0.0912,,,,,,,,,0.0912,0.0832,0.008,0.0166,,,0.0746
Shaanxi,2016,15.9,,,,,,,,,15.9,0.722,15.178,15.2597,0.0399,0.0005,0.5999
Gansu,2016,1.5333,,,,,,,,,1.5333,,1.5333,1.5266,0.0048,,0.0019
Qinghai,2016,1.205,,,,,,,,,1.205,,1.205,1.1883,0.0167,,
Ningxia,2016,17.4591,,,,,,,,,17.4591,0.0416,17.4175,17.3146,0.1425,,0.002
Xinjiang,2016,16.1601,,,,,,,,,16.1601,1.3985,14.7616,15.7273,0.2201,0.0047,0.208
Beijing,2017,4.5098,0.9,0.9,,0.9,,,,,3.6098,0.3016,3.3082,3.6089,0.0005,,0.0004
Tianjin,2017,32.3321,4.8589,3.9417,0.9172,3.7763,0.8474,0.1617,,0.0735,27.4732,0.5534,26.9198,24.2232,3.1654,0.0181,0.0665
Hebei,2017,116.46,81.1407,28.2249,52.9158,19.6931,7.6994,49.4534,,4.2948,35.3193,4.9018,30.4175,31.3725,3.3197,0.261,0.3661
Shanxi,2017,5.3047,,,,,,,,,5.3047,0.2142,5.0905,5.2584,0.0144,,0.0319
Neimenggu,2017,15.6181,,,,,,,,,15.6181,2.8354,12.7827,15.2775,0.1362,,0.2044
Liaoning,2017,479.4374,391.8774,83.74,308.1374,68.2773,14.6633,253.5615,33.0473,22.328,87.56,4.56,83,79.6407,6.8555,0.0384,1.0254
Jilin,2017,22.035,,,,,,,,,22.035,1.9304,20.1046,21.6686,0.3377,0.0287,
Heilongjiang,2017,58.7302,,,,,,,,,58.7302,5.164,53.5662,57.9801,0.6981,0.0439,0.0081
Shanghai,2017,26.8882,14.4701,14.4701,,13.4661,0.9757,0.0002,,0.0281,12.4181,0.1431,12.275,9.8508,2.5074,,0.0599
Jiangsu,2017,507.5922,148.7281,55.6522,93.0759,40.2722,27.0383,72.1773,4.3483,4.892,358.8641,30.7635,328.1006,260.126,85.0334,10.3326,3.3721
Zhejiang,2017,594.4516,472.3721,356.1163,116.2558,262.5997,90.2764,94.9117,7.4613,17.123,122.0795,11.3524,110.7271,91.6872,13.8344,3.3531,13.2048
Anhui,2017,217.9632,,,,,,,,,217.9632,27.8508,190.1124,169.3601,35.2179,8.8653,4.5199
Fujian,2017,744.5737,662.458,217.1408,445.3172,206.8958,51.1473,285.7367,103.348,15.3302,82.1157,6.8925,75.2232,68.3365,7.4499,4.6522,1.6771
Jiangxi,2017,250.5549,,,,,,,,,250.5549,22.6043,227.9506,220.4519,16.219,6.7587,7.1253
Shandong,2017,868.003,737.1727,218.0891,519.0836,176.8166,35.1167,428.0099,66.0344,31.1951,130.8303,8.373,122.4573,121.4973,8.1463,0.4723,0.7144
Henan,2017,94.673,,,,,,,,,94.673,11.148,83.525,91.2411,2.6525,0.1542,0.6252
Hubei,2017,465.4222,,,,,,,,,465.4222,29.2961,436.1261,369.5296,86.9016,2.248,6.743
Hunan,2017,241.5312,,,,,,,,,241.5312,9.4928,232.0384,217.5978,16.7476,2.6796,4.5062
Guangdong,2017,833.5387,451.8133,148.9063,302.907,160.9659,77.7332,191.5323,8.1666,13.4153,381.7254,12.037,369.6884,345.3474,27.4986,4.685,4.1944
Guangxi,2017,320.7683,191.901,61.9658,129.9352,40.8749,43.4241,98.7,,8.902,128.8673,10.4605,118.4068,124.1207,0.9647,1.2398,2.5421
Hainan,2017,180.7899,144.8853,112.7331,32.1522,102.0773,21.7931,7.1747,2.3755,11.4647,35.9046,1.3295,34.5751,34.9922,0.2432,0.1827,0.4865
Chongqing,2017,51.513,,,,,,,,,51.513,1.8943,49.6187,50.6499,0.5154,0.0404,0.3073
Sichuan,2017,150.7396,,,,,,,,,150.7396,5.3783,145.3613,148.297,1.2368,0.4129,0.7929
Guizhou,2017,25.4782,,,,,,,,,25.4782,1.152,24.3262,25.1732,0.217,0.0249,0.0631
Yunnan,2017,63.1182,,,,,,,,,63.1182,5.5949,57.5233,62.2973,0.3722,0.1684,0.2803
Xizang,2017,0.0454,,,,,,,,,0.0454,0.0383,0.0071,0.0118,,,0.0336
Shaanxi,2017,16.303,,,,,,,,,16.303,0.72,15.583,15.6488,0.0397,0.0008,0.6137
Gansu,2017,1.5441,,,,,,,,,1.5441,,1.5441,1.5355,0.0063,,0.0023
Qinghai,2017,1.6073,,,,,,,,,1.6073,,1.6073,1.5959,0.0114,,
Ningxia,2017,18.0889,,,,,,,,,18.0889,0.0429,18.046,17.9409,0.145,,0.003
Xinjiang,2017,16.5528,,,,,,,,,16.5528,1.2723,15.2805,16.2333,0.2988,0.0065,0.0142
